employee_id,employee_name
001,Shannon Atkinson
002,William Bowman
003,William Ball
004,Jay Fry PhD
005,Jonathan Johns
006,Richard Perkins
007,Lance Flores
008,Patrick Chambers
009,David Smith
010,Cody Vasquez
011,Eric Lee
012,John House
013,Angela Freeman
014,Wendy Lambert
015,Victoria Boyd
016,Jacob Clark
017,Steve Miller
018,Shawn Horton
019,Charles Lawrence
020,Sean Bell
021,Joshua Weber
022,Rebecca White
023,Michael Park
024,Vincent Warren
025,Alexis Brooks
026,Wendy Wiley
027,Mrs. Linda Clark
028,Michelle Hernandez
029,Christopher Gibbs
030,Elizabeth Willis
031,John Schneider
032,Brittany Adams
033,Kelly Hodges
034,Andre Brooks
035,Jacob Anderson
036,Dalton Harrington
037,Victoria Hernandez
038,Jennifer Evans
039,Wanda Hunter
040,Andrew Carroll
041,Alexandria Anderson
042,Darlene Rivers
043,Jason Baxter
044,Mary Cobb
045,Mr. Wayne Johnson
046,Manuel Ross
047,Phillip Hinton
048,Robert Andrade
049,Sophia Hall
050,Sarah Evans
051,Allison Singleton
052,Robert Webb
053,Christopher Mason
054,Debra Gregory
055,Deanna Smith
056,Joseph Blake
057,Michael Chambers
058,Garrett Brown
059,Julie Larson
060,Evan Williams
061,Steven Ballard
062,Steven Martin
063,Christopher Mckenzie
064,Katherine West
065,Lisa Stevenson
066,Kevin Montgomery
067,Zachary Patrick
068,Jose Marshall
069,Arthur Richards
070,Gregory Medina
071,Steven Moreno
072,Paul Morgan
073,John Ayala
074,Anita Bishop
075,Kevin Gonzales
076,Abigail Mack
077,Laura Tran
078,Roberta Diaz
079,Jennifer Fields
080,Thomas Kane
081,Brittany Molina
082,Miranda Carter
083,Cody Dunn
084,Kristina Richards
085,Richard Johnson
086,Teresa Gordon
087,Jason Owens
088,Sara Turner
089,Caleb Jones
090,Samantha Gonzales DDS
091,Michael Brown
092,Lindsay Schneider
093,Kristin Taylor
094,Marissa Morton
095,Brooke Farrell
096,Vickie Miller
097,Angela Cole
098,Samantha Flores
099,Carl Freeman
100,Julie Palmer
101,Ana Mack
102,Jade Willis
103,Christina Arnold
104,Gloria Warren
105,Elizabeth Reed
106,Lori Gonzales
107,Roberto Perez
108,Rick Guerrero
109,Michelle Richardson
110,Casey Johnson
111,Christine Wagner
112,Steven Bradford
113,Crystal Allen
114,Janet Patton
115,Christina Peterson
116,Amy Beck
117,Michael Luna
118,Danielle Bailey
119,Daniel Myers
120,Shannon Rodriguez
121,Christina West DVM
122,Shelby Schmidt
123,Justin Andrade
124,Douglas Meza
125,Kimberly Strickland
126,Logan Hunt
127,Luke Graves
128,Jessica Cruz
129,Richard Martinez
130,Joann Brown
131,Matthew Gray
132,Michael Jackson
133,Caitlin Tran
134,Caitlin Marshall
135,Timothy Miller
136,Matthew Nelson
137,Julia Gomez
138,Patricia Schmidt
139,Jonathan Martinez
140,Christopher Roberts
141,Gregory Vega
142,Kim Shaw
143,Angela Clark
144,Benjamin Ruiz
145,Kimberly York
146,Jesus Smith
147,Brandon Davies
148,Michael Gonzalez
149,Megan Johnson
150,Chris Hancock
151,Jason Diaz
152,Jennifer Ward
153,Diana Smith
154,Denise Pollard
155,Gregory Crosby
156,Evelyn Munoz
157,Tamara Smith
158,Stacy Farmer
159,Candice Jones
160,James Turner
161,Jessica Velez
162,Laura Thomas
163,John Ford
164,Amber Andrews
165,Margaret Lee
166,Daniel Anderson
167,Patrick Cortez
168,Jacqueline Carroll
169,Jessica Johnson
170,Alexis Webb
171,William Merritt
172,Scott Herrera
173,Evelyn Taylor
174,Kevin Smith
175,Daniel Hogan
176,Teresa Reese
177,John Pena
178,Michelle Jones
179,Joseph Abbott
180,Cynthia Deleon
181,Michael Anderson
182,Michael Stewart
183,Jeremy Jones
184,Julia Wright
185,Elizabeth Sanders
186,James Dennis
187,Teresa Johnson
188,Tonya Robertson
189,Gabrielle Gonzales
190,Erik Carrillo
191,Ashley Herrera
192,Dana Buckley
193,Megan Estes
194,Eugene White
195,Daniel Cunningham
196,Amber Myers
197,Gwendolyn Murray
198,Jimmy Mclaughlin
199,Kelly Johnson
200,Mr. Daniel Cummings
