employee_id,employee_details
1,"{'title': 'Analyst', 'location': 'Location_B'}"
2,"{'title': 'Director', 'location': 'Location_E'}"
3,"{'title': 'Engineer', 'location': 'Location_E'}"
4,"{'title': 'Director', 'location': 'Location_B'}"
5,"{'title': 'Associate', 'location': 'Location_B'}"
6,"{'title': 'Director', 'location': 'Location_E'}"
7,"{'title': 'Analyst', 'location': 'Location_E'}"
8,"{'title': 'Manager', 'location': 'Location_D'}"
9,"{'title': 'Engineer', 'location': 'Location_C'}"
10,"{'title': 'Director', 'location': 'Location_A'}"
11,"{'title': 'Director', 'location': 'Location_B'}"
12,"{'title': 'Director', 'location': 'Location_B'}"
13,"{'title': 'Associate', 'location': 'Location_B'}"
14,"{'title': 'Engineer', 'location': 'Location_B'}"
15,"{'title': 'Director', 'location': 'Location_E'}"
16,"{'title': 'Engineer', 'location': 'Location_B'}"
17,"{'title': 'Engineer', 'location': 'Location_A'}"
18,"{'title': 'Analyst', 'location': 'Location_A'}"
19,"{'title': 'Associate', 'location': 'Location_E'}"
20,"{'title': 'Analyst', 'location': 'Location_E'}"
21,"{'title': 'Director', 'location': 'Location_D'}"
22,"{'title': 'Associate', 'location': 'Location_A'}"
23,"{'title': 'Manager', 'location': 'Location_C'}"
24,"{'title': 'Associate', 'location': 'Location_E'}"
25,"{'title': 'Director', 'location': 'Location_D'}"
26,"{'title': 'Director', 'location': 'Location_B'}"
27,"{'title': 'Manager', 'location': 'Location_D'}"
28,"{'title': 'Associate', 'location': 'Location_C'}"
29,"{'title': 'Analyst', 'location': 'Location_E'}"
30,"{'title': 'Associate', 'location': 'Location_C'}"
31,"{'title': 'Manager', 'location': 'Location_C'}"
32,"{'title': 'Analyst', 'location': 'Location_C'}"
33,"{'title': 'Associate', 'location': 'Location_D'}"
34,"{'title': 'Associate', 'location': 'Location_C'}"
35,"{'title': 'Associate', 'location': 'Location_A'}"
36,"{'title': 'Director', 'location': 'Location_A'}"
37,"{'title': 'Director', 'location': 'Location_D'}"
38,"{'title': 'Director', 'location': 'Location_E'}"
39,"{'title': 'Director', 'location': 'Location_D'}"
40,"{'title': 'Director', 'location': 'Location_B'}"
41,"{'title': 'Engineer', 'location': 'Location_C'}"
42,"{'title': 'Associate', 'location': 'Location_E'}"
43,"{'title': 'Director', 'location': 'Location_D'}"
44,"{'title': 'Associate', 'location': 'Location_D'}"
45,"{'title': 'Director', 'location': 'Location_E'}"
46,"{'title': 'Associate', 'location': 'Location_B'}"
47,"{'title': 'Associate', 'location': 'Location_A'}"
48,"{'title': 'Analyst', 'location': 'Location_B'}"
49,"{'title': 'Director', 'location': 'Location_B'}"
50,"{'title': 'Manager', 'location': 'Location_B'}"
51,"{'title': 'Engineer', 'location': 'Location_E'}"
52,"{'title': 'Engineer', 'location': 'Location_C'}"
53,"{'title': 'Engineer', 'location': 'Location_A'}"
54,"{'title': 'Director', 'location': 'Location_B'}"
55,"{'title': 'Director', 'location': 'Location_E'}"
56,"{'title': 'Manager', 'location': 'Location_E'}"
57,"{'title': 'Associate', 'location': 'Location_E'}"
58,"{'title': 'Associate', 'location': 'Location_B'}"
59,"{'title': 'Manager', 'location': 'Location_B'}"
60,"{'title': 'Manager', 'location': 'Location_A'}"
61,"{'title': 'Associate', 'location': 'Location_D'}"
62,"{'title': 'Director', 'location': 'Location_D'}"
63,"{'title': 'Associate', 'location': 'Location_E'}"
64,"{'title': 'Analyst', 'location': 'Location_A'}"
65,"{'title': 'Manager', 'location': 'Location_D'}"
66,"{'title': 'Associate', 'location': 'Location_B'}"
67,"{'title': 'Manager', 'location': 'Location_C'}"
68,"{'title': 'Director', 'location': 'Location_B'}"
69,"{'title': 'Engineer', 'location': 'Location_E'}"
70,"{'title': 'Associate', 'location': 'Location_E'}"
71,"{'title': 'Manager', 'location': 'Location_B'}"
72,"{'title': 'Director', 'location': 'Location_E'}"
73,"{'title': 'Manager', 'location': 'Location_A'}"
74,"{'title': 'Engineer', 'location': 'Location_D'}"
75,"{'title': 'Associate', 'location': 'Location_A'}"
76,"{'title': 'Analyst', 'location': 'Location_D'}"
77,"{'title': 'Associate', 'location': 'Location_D'}"
78,"{'title': 'Engineer', 'location': 'Location_A'}"
79,"{'title': 'Analyst', 'location': 'Location_E'}"
80,"{'title': 'Engineer', 'location': 'Location_B'}"
81,"{'title': 'Director', 'location': 'Location_B'}"
82,"{'title': 'Associate', 'location': 'Location_E'}"
83,"{'title': 'Analyst', 'location': 'Location_C'}"
84,"{'title': 'Associate', 'location': 'Location_C'}"
85,"{'title': 'Manager', 'location': 'Location_B'}"
86,"{'title': 'Analyst', 'location': 'Location_B'}"
87,"{'title': 'Engineer', 'location': 'Location_E'}"
88,"{'title': 'Associate', 'location': 'Location_D'}"
89,"{'title': 'Manager', 'location': 'Location_B'}"
90,"{'title': 'Director', 'location': 'Location_D'}"
91,"{'title': 'Analyst', 'location': 'Location_B'}"
92,"{'title': 'Director', 'location': 'Location_A'}"
93,"{'title': 'Engineer', 'location': 'Location_A'}"
94,"{'title': 'Associate', 'location': 'Location_A'}"
95,"{'title': 'Associate', 'location': 'Location_E'}"
96,"{'title': 'Manager', 'location': 'Location_D'}"
97,"{'title': 'Engineer', 'location': 'Location_B'}"
98,"{'title': 'Director', 'location': 'Location_D'}"
99,"{'title': 'Engineer', 'location': 'Location_C'}"
100,"{'title': 'Analyst', 'location': 'Location_C'}"
101,"{'title': 'Director', 'location': 'Location_C'}"
102,"{'title': 'Associate', 'location': 'Location_C'}"
103,"{'title': 'Engineer', 'location': 'Location_C'}"
104,"{'title': 'Analyst', 'location': 'Location_D'}"
105,"{'title': 'Associate', 'location': 'Location_B'}"
106,"{'title': 'Engineer', 'location': 'Location_A'}"
107,"{'title': 'Director', 'location': 'Location_B'}"
108,"{'title': 'Analyst', 'location': 'Location_C'}"
109,"{'title': 'Analyst', 'location': 'Location_A'}"
110,"{'title': 'Analyst', 'location': 'Location_E'}"
111,"{'title': 'Associate', 'location': 'Location_B'}"
112,"{'title': 'Associate', 'location': 'Location_B'}"
113,"{'title': 'Analyst', 'location': 'Location_A'}"
114,"{'title': 'Manager', 'location': 'Location_A'}"
115,"{'title': 'Analyst', 'location': 'Location_E'}"
116,"{'title': 'Analyst', 'location': 'Location_D'}"
117,"{'title': 'Analyst', 'location': 'Location_C'}"
118,"{'title': 'Director', 'location': 'Location_A'}"
119,"{'title': 'Analyst', 'location': 'Location_B'}"
120,"{'title': 'Analyst', 'location': 'Location_D'}"
121,"{'title': 'Engineer', 'location': 'Location_B'}"
122,"{'title': 'Associate', 'location': 'Location_D'}"
123,"{'title': 'Analyst', 'location': 'Location_E'}"
124,"{'title': 'Manager', 'location': 'Location_A'}"
125,"{'title': 'Manager', 'location': 'Location_C'}"
126,"{'title': 'Director', 'location': 'Location_A'}"
127,"{'title': 'Associate', 'location': 'Location_A'}"
128,"{'title': 'Manager', 'location': 'Location_E'}"
129,"{'title': 'Engineer', 'location': 'Location_A'}"
130,"{'title': 'Director', 'location': 'Location_D'}"
131,"{'title': 'Manager', 'location': 'Location_B'}"
132,"{'title': 'Analyst', 'location': 'Location_C'}"
133,"{'title': 'Associate', 'location': 'Location_B'}"
134,"{'title': 'Manager', 'location': 'Location_A'}"
135,"{'title': 'Manager', 'location': 'Location_A'}"
136,"{'title': 'Director', 'location': 'Location_E'}"
137,"{'title': 'Manager', 'location': 'Location_C'}"
138,"{'title': 'Manager', 'location': 'Location_D'}"
139,"{'title': 'Engineer', 'location': 'Location_C'}"
140,"{'title': 'Engineer', 'location': 'Location_C'}"
141,"{'title': 'Director', 'location': 'Location_C'}"
142,"{'title': 'Engineer', 'location': 'Location_C'}"
143,"{'title': 'Analyst', 'location': 'Location_A'}"
144,"{'title': 'Analyst', 'location': 'Location_A'}"
145,"{'title': 'Analyst', 'location': 'Location_A'}"
146,"{'title': 'Manager', 'location': 'Location_A'}"
147,"{'title': 'Engineer', 'location': 'Location_D'}"
148,"{'title': 'Engineer', 'location': 'Location_B'}"
149,"{'title': 'Analyst', 'location': 'Location_E'}"
150,"{'title': 'Manager', 'location': 'Location_E'}"
151,"{'title': 'Director', 'location': 'Location_A'}"
152,"{'title': 'Manager', 'location': 'Location_C'}"
153,"{'title': 'Engineer', 'location': 'Location_A'}"
154,"{'title': 'Associate', 'location': 'Location_B'}"
155,"{'title': 'Associate', 'location': 'Location_D'}"
156,"{'title': 'Analyst', 'location': 'Location_E'}"
157,"{'title': 'Engineer', 'location': 'Location_E'}"
158,"{'title': 'Associate', 'location': 'Location_D'}"
159,"{'title': 'Engineer', 'location': 'Location_A'}"
160,"{'title': 'Analyst', 'location': 'Location_E'}"
161,"{'title': 'Associate', 'location': 'Location_A'}"
162,"{'title': 'Analyst', 'location': 'Location_E'}"
163,"{'title': 'Associate', 'location': 'Location_B'}"
164,"{'title': 'Engineer', 'location': 'Location_A'}"
165,"{'title': 'Engineer', 'location': 'Location_C'}"
166,"{'title': 'Manager', 'location': 'Location_C'}"
167,"{'title': 'Associate', 'location': 'Location_B'}"
168,"{'title': 'Engineer', 'location': 'Location_E'}"
169,"{'title': 'Manager', 'location': 'Location_B'}"
170,"{'title': 'Associate', 'location': 'Location_C'}"
171,"{'title': 'Analyst', 'location': 'Location_D'}"
172,"{'title': 'Director', 'location': 'Location_B'}"
173,"{'title': 'Associate', 'location': 'Location_D'}"
174,"{'title': 'Analyst', 'location': 'Location_E'}"
175,"{'title': 'Director', 'location': 'Location_E'}"
176,"{'title': 'Associate', 'location': 'Location_E'}"
177,"{'title': 'Director', 'location': 'Location_B'}"
178,"{'title': 'Engineer', 'location': 'Location_A'}"
179,"{'title': 'Engineer', 'location': 'Location_E'}"
180,"{'title': 'Engineer', 'location': 'Location_D'}"
181,"{'title': 'Director', 'location': 'Location_E'}"
182,"{'title': 'Analyst', 'location': 'Location_E'}"
183,"{'title': 'Manager', 'location': 'Location_D'}"
184,"{'title': 'Engineer', 'location': 'Location_D'}"
185,"{'title': 'Manager', 'location': 'Location_D'}"
186,"{'title': 'Associate', 'location': 'Location_C'}"
187,"{'title': 'Manager', 'location': 'Location_C'}"
188,"{'title': 'Director', 'location': 'Location_A'}"
189,"{'title': 'Engineer', 'location': 'Location_C'}"
190,"{'title': 'Engineer', 'location': 'Location_A'}"
191,"{'title': 'Engineer', 'location': 'Location_B'}"
192,"{'title': 'Manager', 'location': 'Location_B'}"
193,"{'title': 'Associate', 'location': 'Location_A'}"
194,"{'title': 'Director', 'location': 'Location_C'}"
195,"{'title': 'Director', 'location': 'Location_B'}"
196,"{'title': 'Manager', 'location': 'Location_D'}"
197,"{'title': 'Associate', 'location': 'Location_D'}"
198,"{'title': 'Associate', 'location': 'Location_C'}"
199,"{'title': 'Associate', 'location': 'Location_D'}"
200,"{'title': 'Analyst', 'location': 'Location_B'}"
