Country,State ,City
Japan,Aichi Prefecture,Aisai-shi
Japan,Aichi Prefecture,Ama-gun
Japan,Aichi Prefecture,AnjÅ-shi
Japan,Aichi Prefecture,ChiryÅ«
Japan,Aichi Prefecture,ChiryÅ«-shi
Japan,Aichi Prefecture,Chita
Japan,Aichi Prefecture,Chita-shi
Japan,Aichi Prefecture,GamagÅri
Japan,Aichi Prefecture,GamagÅri-shi
Japan,Aichi Prefecture,Handa
Japan,Aichi Prefecture,Handa-shi
Japan,Aichi Prefecture,Hekinan
Japan,Aichi Prefecture,Hekinan-shi
Japan,Aichi Prefecture,Ichinomiya
Japan,Aichi Prefecture,Ichinomiya-shi
Japan,Aichi Prefecture,Inazawa
Japan,Aichi Prefecture,Inazawa-shi
Japan,Aichi Prefecture,Inuyama
Japan,Aichi Prefecture,Inuyama-shi
Japan,Aichi Prefecture,Ishiki
Japan,Aichi Prefecture,Iwakura
Japan,Aichi Prefecture,Iwakura-shi
Japan,Aichi Prefecture,Kanie
Japan,Aichi Prefecture,Kariya
Japan,Aichi Prefecture,Kariya-shi
Japan,Aichi Prefecture,Kasugai
Japan,Aichi Prefecture,Kasugai-shi
Japan,Aichi Prefecture,Kitanagoya
Japan,Aichi Prefecture,Kitanagoya-shi
Japan,Aichi Prefecture,Kiyosu-shi
Japan,Aichi Prefecture,Komaki
Japan,Aichi Prefecture,Komaki-shi
Japan,Aichi Prefecture,KÅnan
Japan,Aichi Prefecture,KÅnan-shi
Japan,Aichi Prefecture,Kozakai-chÅ
Japan,Aichi Prefecture,Kuroda
Japan,Aichi Prefecture,Miyoshi-shi
Japan,Aichi Prefecture,Nagakute-shi
Japan,Aichi Prefecture,Nagoya
Japan,Aichi Prefecture,Nishio
Japan,Aichi Prefecture,Nishio-shi
Japan,Aichi Prefecture,Nisshin-shi
Japan,Aichi Prefecture,ÅŒbu
Japan,Aichi Prefecture,ÅŒbu-shi
Japan,Aichi Prefecture,Okazaki-shi
Japan,Aichi Prefecture,Owariasahi-shi
Japan,Aichi Prefecture,Seto
Japan,Aichi Prefecture,Seto-shi
Japan,Aichi Prefecture,Shinshiro
Japan,Aichi Prefecture,Shinshiro-shi
Japan,Aichi Prefecture,Sobue
Japan,Aichi Prefecture,Tahara
Japan,Aichi Prefecture,Tahara-shi
Japan,Aichi Prefecture,Takahama
Japan,Aichi Prefecture,Takahama-shi
Japan,Aichi Prefecture,Taketoyo
Japan,Aichi Prefecture,TÅkai-shi
Japan,Aichi Prefecture,Tokoname
Japan,Aichi Prefecture,Tokoname-shi
Japan,Aichi Prefecture,Toyoake
Japan,Aichi Prefecture,Toyoake-shi
Japan,Aichi Prefecture,Toyohama
Japan,Aichi Prefecture,Toyohashi
Japan,Aichi Prefecture,Toyohashi-shi
Japan,Aichi Prefecture,Toyokawa
Japan,Aichi Prefecture,Toyokawa-shi
Japan,Aichi Prefecture,Toyota-shi
Japan,Aichi Prefecture,Tsushima
Japan,Aichi Prefecture,Tsushima-shi
Japan,Aichi Prefecture,Yatomi-shi
Japan,Akita Prefecture,Akita
Japan,Akita Prefecture,Akita Shi
Japan,Akita Prefecture,Daisen
Japan,Akita Prefecture,Daisen-shi
Japan,Akita Prefecture,Hanawa
Japan,Akita Prefecture,Kakunodatemachi
Japan,Akita Prefecture,Katagami
Japan,Akita Prefecture,Katagami-shi
Japan,Akita Prefecture,Kazuno Shi
Japan,Akita Prefecture,Kitaakita-shi
Japan,Akita Prefecture,Nikaho-shi
Japan,Akita Prefecture,Noshiro
Japan,Akita Prefecture,Noshiro Shi
Japan,Akita Prefecture,ÅŒdate
Japan,Akita Prefecture,ÅŒdate-shi
Japan,Akita Prefecture,Oga
Japan,Akita Prefecture,Oga-shi
Japan,Akita Prefecture,ÅŒmagari
Japan,Akita Prefecture,Semboku-shi
Japan,Akita Prefecture,Takanosu
Japan,Akita Prefecture,TennÅ
Japan,Akita Prefecture,Yokote
Japan,Akita Prefecture,Yokote-shi
Japan,Akita Prefecture,YurihonjÅ
Japan,Akita Prefecture,YurihonjÅ-shi
Japan,Akita Prefecture,Yuzawa
Japan,Akita Prefecture,Yuzawa-shi
Japan,Aomori Prefecture,Aomori
Japan,Aomori Prefecture,Aomori Shi
Japan,Aomori Prefecture,Goshogawara
Japan,Aomori Prefecture,Goshogawara Shi
Japan,Aomori Prefecture,Hachinohe
Japan,Aomori Prefecture,Hachinohe Shi
Japan,Aomori Prefecture,Hirakawa
Japan,Aomori Prefecture,Hirakawa Shi
Japan,Aomori Prefecture,Hirosaki
Japan,Aomori Prefecture,Hirosaki Shi
Japan,Aomori Prefecture,Kuroishi
Japan,Aomori Prefecture,Kuroishi Shi
Japan,Aomori Prefecture,Misawa
Japan,Aomori Prefecture,Misawa Shi
Japan,Aomori Prefecture,Mutsu
Japan,Aomori Prefecture,Mutsu-shi
Japan,Aomori Prefecture,Namioka
Japan,Aomori Prefecture,Shimokizukuri
Japan,Aomori Prefecture,Towada Shi
Japan,Aomori Prefecture,Tsugaru
Japan,Aomori Prefecture,Tsugaru Shi
Japan,Chiba Prefecture,Abiko
Japan,Chiba Prefecture,Abiko-shi
Japan,Chiba Prefecture,Asahi-shi
Japan,Chiba Prefecture,Chiba
Japan,Chiba Prefecture,ChÅshi-shi
Japan,Chiba Prefecture,Funabashi-shi
Japan,Chiba Prefecture,Futtsu
Japan,Chiba Prefecture,Hasaki
Japan,Chiba Prefecture,HonchÅ
Japan,Chiba Prefecture,Ichihara
Japan,Chiba Prefecture,Ichihara Shi
Japan,Chiba Prefecture,Ichikawa Shi
Japan,Chiba Prefecture,Inzai-shi
Japan,Chiba Prefecture,Isumi
Japan,Chiba Prefecture,Isumi Shi
Japan,Chiba Prefecture,Kamagaya Shi
Japan,Chiba Prefecture,Kamogawa
Japan,Chiba Prefecture,Kamogawa-shi
Japan,Chiba Prefecture,Kashiwa
Japan,Chiba Prefecture,Kashiwa Shi
Japan,Chiba Prefecture,Katori-shi
Japan,Chiba Prefecture,Katsuura
Japan,Chiba Prefecture,Katsuura-shi
Japan,Chiba Prefecture,Kimitsu
Japan,Chiba Prefecture,Kisarazu
Japan,Chiba Prefecture,Kisarazu Shi
Japan,Chiba Prefecture,Matsudo Shi
Japan,Chiba Prefecture,MinamibÅsÅ Shi
Japan,Chiba Prefecture,Mobara
Japan,Chiba Prefecture,Mobara Shi
Japan,Chiba Prefecture,Nagareyama
Japan,Chiba Prefecture,Nagareyama-shi
Japan,Chiba Prefecture,Narashino-shi
Japan,Chiba Prefecture,Narita
Japan,Chiba Prefecture,Narita-shi
Japan,Chiba Prefecture,NarutÅ
Japan,Chiba Prefecture,Noda
Japan,Chiba Prefecture,Noda-shi
Japan,Chiba Prefecture,ÅŒami
Japan,Chiba Prefecture,ÅŒamishirasato-shi
Japan,Chiba Prefecture,ÅŒhara
Japan,Chiba Prefecture,Omigawa
Japan,Chiba Prefecture,Sakura
Japan,Chiba Prefecture,Sakura-shi
Japan,Chiba Prefecture,Sambu-gun
Japan,Chiba Prefecture,Sanmu
Japan,Chiba Prefecture,Sanmu-shi
Japan,Chiba Prefecture,Sawara
Japan,Chiba Prefecture,Shiroi
Japan,Chiba Prefecture,Shiroi-shi
Japan,Chiba Prefecture,Shisui
Japan,Chiba Prefecture,Sodegaura-shi
Japan,Chiba Prefecture,SÅsa-shi
Japan,Chiba Prefecture,Tateyama
Japan,Chiba Prefecture,Tateyama-shi
Japan,Chiba Prefecture,TÅgane
Japan,Chiba Prefecture,TÅgane-shi
Japan,Chiba Prefecture,Tomisato-shi
Japan,Chiba Prefecture,Urayasu-shi
Japan,Chiba Prefecture,Yachimata
Japan,Chiba Prefecture,Yachimata-shi
Japan,Chiba Prefecture,Yachiyo-shi
Japan,Chiba Prefecture,YÅkaichiba
Japan,Chiba Prefecture,YotsukaidÅ
Japan,Chiba Prefecture,YotsukaidÅ-shi
Japan,Ehime Prefecture,HÅjÅ
Japan,Ehime Prefecture,Imabari-shi
Japan,Ehime Prefecture,Iyo
Japan,Ehime Prefecture,Iyo-shi
Japan,Ehime Prefecture,KawanoechÅ
Japan,Ehime Prefecture,Kihoku-chÅ
Japan,Ehime Prefecture,Masaki-chÅ
Japan,Ehime Prefecture,Matsuyama-shi
Japan,Ehime Prefecture,Niihama
Japan,Ehime Prefecture,Niihama-shi
Japan,Ehime Prefecture,ÅŒzu
Japan,Ehime Prefecture,ÅŒzu-shi
Japan,Ehime Prefecture,SaijÅ
Japan,Ehime Prefecture,SaijÅ-shi
Japan,Ehime Prefecture,Seiyo-shi
Japan,Ehime Prefecture,Shikoku-chÅ«Å Shi
Japan,Ehime Prefecture,TÅon-shi
Japan,Ehime Prefecture,Uwajima
Japan,Ehime Prefecture,Uwajima-shi
Japan,Ehime Prefecture,Yawatahama-shi
Japan,Fukui Prefecture,Asahi
Japan,Fukui Prefecture,Awara-shi
Japan,Fukui Prefecture,Echizen-shi
Japan,Fukui Prefecture,Fukui-shi
Japan,Fukui Prefecture,Katsuyama
Japan,Fukui Prefecture,Katsuyama Shi
Japan,Fukui Prefecture,Maruoka
Japan,Fukui Prefecture,Mikuni
Japan,Fukui Prefecture,Obama
Japan,Fukui Prefecture,Obama-shi
Japan,Fukui Prefecture,ÅŒi-gun
Japan,Fukui Prefecture,Ono
Japan,Fukui Prefecture,ÅŒno-shi
Japan,Fukui Prefecture,Sabae
Japan,Fukui Prefecture,Sabae-shi
Japan,Fukui Prefecture,Sakai-shi
Japan,Fukui Prefecture,Takefu
Japan,Fukui Prefecture,Tsuruga
Japan,Fukui Prefecture,Tsuruga-shi
Japan,Fukuoka Prefecture,Amagi
Japan,Fukuoka Prefecture,Asakura Shi
Japan,Fukuoka Prefecture,Buzen
Japan,Fukuoka Prefecture,Buzen-shi
Japan,Fukuoka Prefecture,Chikugo Shi
Japan,Fukuoka Prefecture,Chikushino-shi
Japan,Fukuoka Prefecture,Dazaifu-shi
Japan,Fukuoka Prefecture,Fukuoka
Japan,Fukuoka Prefecture,Fukuoka-shi
Japan,Fukuoka Prefecture,Fukutsu Shi
Japan,Fukuoka Prefecture,Iizuka
Japan,Fukuoka Prefecture,Iizuka Shi
Japan,Fukuoka Prefecture,Itoshima-shi
Japan,Fukuoka Prefecture,Kama Shi
Japan,Fukuoka Prefecture,Kanda
Japan,Fukuoka Prefecture,Kasuga Shi
Japan,Fukuoka Prefecture,Kawasaki
Japan,Fukuoka Prefecture,Kitakyushu
Japan,Fukuoka Prefecture,Koga
Japan,Fukuoka Prefecture,Koga-shi
Japan,Fukuoka Prefecture,Kurume
Japan,Fukuoka Prefecture,Kurume Shi
Japan,Fukuoka Prefecture,Maebaru-chÅ«Å
Japan,Fukuoka Prefecture,Miyama Shi
Japan,Fukuoka Prefecture,Miyata
Japan,Fukuoka Prefecture,Miyawaka Shi
Japan,Fukuoka Prefecture,Munakata-shi
Japan,Fukuoka Prefecture,Nakama
Japan,Fukuoka Prefecture,Nakama Shi
Japan,Fukuoka Prefecture,Nishifukuma
Japan,Fukuoka Prefecture,NÅgata
Japan,Fukuoka Prefecture,NÅgata Shi
Japan,Fukuoka Prefecture,OgÅri-shi
Japan,Fukuoka Prefecture,ÅŒkawa
Japan,Fukuoka Prefecture,ÅŒkawa-shi
Japan,Fukuoka Prefecture,ÅŒmuta
Japan,Fukuoka Prefecture,ÅŒmuta Shi
Japan,Fukuoka Prefecture,Onga-gun
Japan,Fukuoka Prefecture,ÅŒnojÅ
Japan,Fukuoka Prefecture,ÅŒnojÅ Shi
Japan,Fukuoka Prefecture,Sasaguri
Japan,Fukuoka Prefecture,Setakamachi-takayanagi
Japan,Fukuoka Prefecture,Shiida
Japan,Fukuoka Prefecture,ShingÅ«
Japan,Fukuoka Prefecture,Tagawa
Japan,Fukuoka Prefecture,Tagawa Shi
Japan,Fukuoka Prefecture,Tanushimarumachi-toyoki
Japan,Fukuoka Prefecture,Tsuiki
Japan,Fukuoka Prefecture,Ukiha Shi
Japan,Fukuoka Prefecture,Umi
Japan,Fukuoka Prefecture,Yame Shi
Japan,Fukuoka Prefecture,Yanagawa
Japan,Fukuoka Prefecture,Yanagawa Shi
Japan,Fukuoka Prefecture,Yoshitomi
Japan,Fukuoka Prefecture,Yukuhashi
Japan,Fukuoka Prefecture,Yukuhashi Shi
Japan,Fukushima Prefecture,Aizu-wakamatsu Shi
Japan,Fukushima Prefecture,Date-shi
Japan,Fukushima Prefecture,Fukushima
Japan,Fukushima Prefecture,Fukushima Shi
Japan,Fukushima Prefecture,Funehikimachi-funehiki
Japan,Fukushima Prefecture,Hobaramachi
Japan,Fukushima Prefecture,Inawashiro
Japan,Fukushima Prefecture,Ishikawa
Japan,Fukushima Prefecture,Iwaki
Japan,Fukushima Prefecture,Iwaki-shi
Japan,Fukushima Prefecture,Kitakata
Japan,Fukushima Prefecture,Kitakata-shi
Japan,Fukushima Prefecture,KÅriyama
Japan,Fukushima Prefecture,KÅriyama Shi
Japan,Fukushima Prefecture,Miharu
Japan,Fukushima Prefecture,Minami-SÅma
Japan,Fukushima Prefecture,MinamisÅma Shi
Japan,Fukushima Prefecture,Motomiya
Japan,Fukushima Prefecture,Motomiya-shi
Japan,Fukushima Prefecture,Namie
Japan,Fukushima Prefecture,Nihommatsu
Japan,Fukushima Prefecture,Nihonmatsu Shi
Japan,Fukushima Prefecture,Shirakawa Shi
Japan,Fukushima Prefecture,SÅma
Japan,Fukushima Prefecture,SÅma Shi
Japan,Fukushima Prefecture,Sukagawa
Japan,Fukushima Prefecture,Sukagawa Shi
Japan,Fukushima Prefecture,Tamura
Japan,Fukushima Prefecture,Tamura-shi
Japan,Fukushima Prefecture,Yanagawamachi-saiwaichÅ
Japan,Gifu Prefecture,Ena-shi
Japan,Gifu Prefecture,Gero
Japan,Gifu Prefecture,Gero-shi
Japan,Gifu Prefecture,Gifu-shi
Japan,Gifu Prefecture,GÅdo
Japan,Gifu Prefecture,GujÅ
Japan,Gifu Prefecture,GujÅ-shi
Japan,Gifu Prefecture,Hashima
Japan,Gifu Prefecture,Hashima-shi
Japan,Gifu Prefecture,Hida
Japan,Gifu Prefecture,Hida Shi
Japan,Gifu Prefecture,Kaizu-shi
Japan,Gifu Prefecture,Kakamigahara-shi
Japan,Gifu Prefecture,Kani-shi
Japan,Gifu Prefecture,KasamatsuchÅ
Japan,Gifu Prefecture,Mino
Japan,Gifu Prefecture,Mino-shi
Japan,Gifu Prefecture,Minokamo
Japan,Gifu Prefecture,Minokamo-shi
Japan,Gifu Prefecture,Mitake
Japan,Gifu Prefecture,Mizuho-shi
Japan,Gifu Prefecture,Mizunami
Japan,Gifu Prefecture,Mizunami-shi
Japan,Gifu Prefecture,Motosu-shi
Japan,Gifu Prefecture,Nakatsugawa
Japan,Gifu Prefecture,Nakatsugawa-shi
Japan,Gifu Prefecture,ÅŒgaki-shi
Japan,Gifu Prefecture,Seki-shi
Japan,Gifu Prefecture,Tajimi
Japan,Gifu Prefecture,Tajimi-shi
Japan,Gifu Prefecture,Takayama Shi
Japan,Gifu Prefecture,Tarui
Japan,Gifu Prefecture,Toki
Japan,Gifu Prefecture,Toki-shi
Japan,Gifu Prefecture,Yamagata-shi
Japan,Gunma Prefecture,Agatsuma-gun
Japan,Gunma Prefecture,Annaka
Japan,Gunma Prefecture,Annaka Shi
Japan,Gunma Prefecture,Fujioka
Japan,Gunma Prefecture,Fujioka Shi
Japan,Gunma Prefecture,Isesaki
Japan,Gunma Prefecture,Isesaki Shi
Japan,Gunma Prefecture,Kanekomachi
Japan,Gunma Prefecture,KiryÅ«
Japan,Gunma Prefecture,KiryÅ« Shi
Japan,Gunma Prefecture,Maebashi
Japan,Gunma Prefecture,Maebashi Shi
Japan,Gunma Prefecture,Midori
Japan,Gunma Prefecture,Midori Shi
Japan,Gunma Prefecture,NakanojÅmachi
Japan,Gunma Prefecture,Numata
Japan,Gunma Prefecture,Numata Shi
Japan,Gunma Prefecture,ÅŒmamachÅ-Åmama
Japan,Gunma Prefecture,ÅŒta
Japan,Gunma Prefecture,ÅŒta-shi
Japan,Gunma Prefecture,Sakai-nakajima
Japan,Gunma Prefecture,Shibukawa
Japan,Gunma Prefecture,Shibukawa-shi
Japan,Gunma Prefecture,Takasaki
Japan,Gunma Prefecture,Takasaki Shi
Japan,Gunma Prefecture,Tamamura
Japan,Gunma Prefecture,Tatebayashi
Japan,Gunma Prefecture,Tatebayashi-shi
Japan,Gunma Prefecture,Tomioka
Japan,Gunma Prefecture,Tomioka-shi
Japan,Gunma Prefecture,Yoshii
Japan,Hiroshima Prefecture,Aki-takata Shi
Japan,Hiroshima Prefecture,Etajima-shi
Japan,Hiroshima Prefecture,FuchÅ«-shi
Japan,Hiroshima Prefecture,FuchÅ«chÅ
Japan,Hiroshima Prefecture,Fukuyama
Japan,Hiroshima Prefecture,Fukuyama Shi
Japan,Hiroshima Prefecture,Hatsukaichi
Japan,Hiroshima Prefecture,Hatsukaichi-shi
Japan,Hiroshima Prefecture,Higashihiroshima Shi
Japan,Hiroshima Prefecture,Hiroshima
Japan,Hiroshima Prefecture,Hiroshima-shi
Japan,Hiroshima Prefecture,Innoshima
Japan,Hiroshima Prefecture,KannabechÅ-yahiro
Japan,Hiroshima Prefecture,Kure
Japan,Hiroshima Prefecture,Kure-shi
Japan,Hiroshima Prefecture,Mihara
Japan,Hiroshima Prefecture,Mihara Shi
Japan,Hiroshima Prefecture,Miyajima
Japan,Hiroshima Prefecture,Miyoshi
Japan,Hiroshima Prefecture,Miyoshi Shi
Japan,Hiroshima Prefecture,ÅŒno-hara
Japan,Hiroshima Prefecture,Onomichi
Japan,Hiroshima Prefecture,Onomichi-shi
Japan,Hiroshima Prefecture,ÅŒtake
Japan,Hiroshima Prefecture,ÅŒtake-shi
Japan,Hiroshima Prefecture,Shinâ€™ichi
Japan,Hiroshima Prefecture,ShÅbara
Japan,Hiroshima Prefecture,ShÅbara-shi
Japan,Hiroshima Prefecture,Takehara
Japan,Hiroshima Prefecture,Takehara-shi
Japan,HokkaidÅ Prefecture,Abashiri
Japan,HokkaidÅ Prefecture,Abashiri Shi
Japan,HokkaidÅ Prefecture,Akabira
Japan,HokkaidÅ Prefecture,Akabira-shi
Japan,HokkaidÅ Prefecture,Asahikawa
Japan,HokkaidÅ Prefecture,Ashibetsu
Japan,HokkaidÅ Prefecture,Ashibetsu-shi
Japan,HokkaidÅ Prefecture,Bibai
Japan,HokkaidÅ Prefecture,Chitose
Japan,HokkaidÅ Prefecture,Chitose Shi
Japan,HokkaidÅ Prefecture,Date
Japan,HokkaidÅ Prefecture,Date-shi
Japan,HokkaidÅ Prefecture,Ebetsu
Japan,HokkaidÅ Prefecture,Eniwa-shi
Japan,HokkaidÅ Prefecture,Fukagawa
Japan,HokkaidÅ Prefecture,Fukagawa-shi
Japan,HokkaidÅ Prefecture,Furano-shi
Japan,HokkaidÅ Prefecture,Hakodate
Japan,HokkaidÅ Prefecture,Hakodate Shi
Japan,HokkaidÅ Prefecture,Hokuto
Japan,HokkaidÅ Prefecture,Hokuto-shi
Japan,HokkaidÅ Prefecture,HonchÅ
Japan,HokkaidÅ Prefecture,Ishikari
Japan,HokkaidÅ Prefecture,Ishikari-shi
Japan,HokkaidÅ Prefecture,Iwamizawa
Japan,HokkaidÅ Prefecture,Iwamizawa-shi
Japan,HokkaidÅ Prefecture,Iwanai
Japan,HokkaidÅ Prefecture,Kamiiso
Japan,HokkaidÅ Prefecture,Kamikawa
Japan,HokkaidÅ Prefecture,Kitahiroshima
Japan,HokkaidÅ Prefecture,Kitahiroshima-shi
Japan,HokkaidÅ Prefecture,Kitami
Japan,HokkaidÅ Prefecture,Ktiami Shi
Japan,HokkaidÅ Prefecture,Kushiro
Japan,HokkaidÅ Prefecture,Kushiro Shi
Japan,HokkaidÅ Prefecture,Makubetsu
Japan,HokkaidÅ Prefecture,Mikasa
Japan,HokkaidÅ Prefecture,Mikasa-shi
Japan,HokkaidÅ Prefecture,Mombetsu
Japan,HokkaidÅ Prefecture,Monbetsu Shi
Japan,HokkaidÅ Prefecture,Motomachi
Japan,HokkaidÅ Prefecture,Muroran
Japan,HokkaidÅ Prefecture,Muroran-shi
Japan,HokkaidÅ Prefecture,Nayoro
Japan,HokkaidÅ Prefecture,Nayoro Shi
Japan,HokkaidÅ Prefecture,Nemuro
Japan,HokkaidÅ Prefecture,Nemuro-shi
Japan,HokkaidÅ Prefecture,Niseko Town
Japan,HokkaidÅ Prefecture,Noboribetsu
Japan,HokkaidÅ Prefecture,Noboribetsu-shi
Japan,HokkaidÅ Prefecture,Obihiro
Japan,HokkaidÅ Prefecture,Obihiro Shi
Japan,HokkaidÅ Prefecture,Otaru
Japan,HokkaidÅ Prefecture,Otaru-shi
Japan,HokkaidÅ Prefecture,Otofuke
Japan,HokkaidÅ Prefecture,Rebun Gun
Japan,HokkaidÅ Prefecture,Rishiri Gun
Japan,HokkaidÅ Prefecture,Rishiri Town
Japan,HokkaidÅ Prefecture,Rumoi
Japan,HokkaidÅ Prefecture,Rumoi-shi
Japan,HokkaidÅ Prefecture,Sapporo
Japan,HokkaidÅ Prefecture,Sapporo-shi
Japan,HokkaidÅ Prefecture,Shibetsu
Japan,HokkaidÅ Prefecture,Shibetsu Shi
Japan,HokkaidÅ Prefecture,Shimo-furano
Japan,HokkaidÅ Prefecture,Shiraoi
Japan,HokkaidÅ Prefecture,Shizunai-furukawachÅ
Japan,HokkaidÅ Prefecture,Sunagawa
Japan,HokkaidÅ Prefecture,Sunagawa-shi
Japan,HokkaidÅ Prefecture,Takikawa
Japan,HokkaidÅ Prefecture,Takikawa-shi
Japan,HokkaidÅ Prefecture,TÅbetsu
Japan,HokkaidÅ Prefecture,Tomakomai
Japan,HokkaidÅ Prefecture,Tomakomai Shi
Japan,HokkaidÅ Prefecture,Utashinai
Japan,HokkaidÅ Prefecture,Utashinai-shi
Japan,HokkaidÅ Prefecture,Wakkanai
Japan,HokkaidÅ Prefecture,Wakkanai Shi
Japan,HokkaidÅ Prefecture,Yoichi
Japan,HokkaidÅ Prefecture,YÅ«bari
Japan,HokkaidÅ Prefecture,YÅ«bari-shi
Japan,HyÅgo Prefecture,Aioi
Japan,HyÅgo Prefecture,Aioi Shi
Japan,HyÅgo Prefecture,Akashi
Japan,HyÅgo Prefecture,Akashi Shi
Japan,HyÅgo Prefecture,Amagasaki Shi
Japan,HyÅgo Prefecture,Asago-shi
Japan,HyÅgo Prefecture,Ashiya
Japan,HyÅgo Prefecture,Ashiya Shi
Japan,HyÅgo Prefecture,Awaji Shi
Japan,HyÅgo Prefecture,Fukura
Japan,HyÅgo Prefecture,Himeji
Japan,HyÅgo Prefecture,Himeji Shi
Japan,HyÅgo Prefecture,Itami
Japan,HyÅgo Prefecture,Itami Shi
Japan,HyÅgo Prefecture,Kakogawa Shi
Japan,HyÅgo Prefecture,KakogawachÅ-honmachi
Japan,HyÅgo Prefecture,Kariya
Japan,HyÅgo Prefecture,Kasai Shi
Japan,HyÅgo Prefecture,KatÅ Shi
Japan,HyÅgo Prefecture,Kawanishi
Japan,HyÅgo Prefecture,Kawanishi Shi
Japan,HyÅgo Prefecture,Kobe
Japan,HyÅgo Prefecture,Miki
Japan,HyÅgo Prefecture,Miki Shi
Japan,HyÅgo Prefecture,Minamiawaji Shi
Japan,HyÅgo Prefecture,Nishinomiya Shi
Japan,HyÅgo Prefecture,Nishinomiya-hama
Japan,HyÅgo Prefecture,Nishiwaki
Japan,HyÅgo Prefecture,Nishiwaki-shi
Japan,HyÅgo Prefecture,Ono
Japan,HyÅgo Prefecture,Ono Shi
Japan,HyÅgo Prefecture,Sanda Shi
Japan,HyÅgo Prefecture,SandachÅ
Japan,HyÅgo Prefecture,Sasayama
Japan,HyÅgo Prefecture,Sasayama-shi
Japan,HyÅgo Prefecture,ShirahamachÅ-usazakiminami
Japan,HyÅgo Prefecture,ShisÅ-shi
Japan,HyÅgo Prefecture,Sumoto
Japan,HyÅgo Prefecture,Sumoto Shi
Japan,HyÅgo Prefecture,Taka-gun
Japan,HyÅgo Prefecture,Takarazuka
Japan,HyÅgo Prefecture,Takarazuka Shi
Japan,HyÅgo Prefecture,Takasago Shi
Japan,HyÅgo Prefecture,Tanba-shi
Japan,HyÅgo Prefecture,Tatsuno-shi
Japan,HyÅgo Prefecture,TatsunochÅ-tominaga
Japan,HyÅgo Prefecture,Toyooka
Japan,HyÅgo Prefecture,Toyooka-shi
Japan,HyÅgo Prefecture,Yabu
Japan,HyÅgo Prefecture,Yabu-shi
Japan,HyÅgo Prefecture,YamazakichÅ-nakabirose
Japan,HyÅgo Prefecture,Yashiro
Japan,HyÅgo Prefecture,Yonedacho Sendo
Japan,Ibaraki Prefecture,Ami
Japan,Ibaraki Prefecture,BandÅ
Japan,Ibaraki Prefecture,BandÅ-shi
Japan,Ibaraki Prefecture,Chikusei
Japan,Ibaraki Prefecture,Chikusei-shi
Japan,Ibaraki Prefecture,Daigo
Japan,Ibaraki Prefecture,Edosaki
Japan,Ibaraki Prefecture,Fujishiro
Japan,Ibaraki Prefecture,Funaishikawa
Japan,Ibaraki Prefecture,Hitachi
Japan,Ibaraki Prefecture,Hitachi-Naka
Japan,Ibaraki Prefecture,Hitachi-ota
Japan,Ibaraki Prefecture,Hitachi-shi
Japan,Ibaraki Prefecture,Hitachinaka-shi
Japan,Ibaraki Prefecture,HitachiÅmiya-shi
Japan,Ibaraki Prefecture,HitachiÅta-shi
Japan,Ibaraki Prefecture,Hokota-shi
Japan,Ibaraki Prefecture,Inashiki
Japan,Ibaraki Prefecture,Inashiki-shi
Japan,Ibaraki Prefecture,Ishige
Japan,Ibaraki Prefecture,Ishioka
Japan,Ibaraki Prefecture,Ishioka-shi
Japan,Ibaraki Prefecture,Itako
Japan,Ibaraki Prefecture,Itako-shi
Japan,Ibaraki Prefecture,Iwai
Japan,Ibaraki Prefecture,Iwase
Japan,Ibaraki Prefecture,JÅsÅ-shi
Japan,Ibaraki Prefecture,Kamisu-shi
Japan,Ibaraki Prefecture,Kasama
Japan,Ibaraki Prefecture,Kasama-shi
Japan,Ibaraki Prefecture,Kashima-shi
Japan,Ibaraki Prefecture,Kasumigaura
Japan,Ibaraki Prefecture,Kasumigaura-shi
Japan,Ibaraki Prefecture,Katsuta
Japan,Ibaraki Prefecture,Kitaibaraki
Japan,Ibaraki Prefecture,Kitaibaraki-shi
Japan,Ibaraki Prefecture,Koga
Japan,Ibaraki Prefecture,Koga-shi
Japan,Ibaraki Prefecture,Makabe
Japan,Ibaraki Prefecture,Mito
Japan,Ibaraki Prefecture,Mito-shi
Japan,Ibaraki Prefecture,MitsukaidÅ
Japan,Ibaraki Prefecture,Moriya
Japan,Ibaraki Prefecture,Moriya-shi
Japan,Ibaraki Prefecture,Naka
Japan,Ibaraki Prefecture,Naka-gun
Japan,Ibaraki Prefecture,Namegata
Japan,Ibaraki Prefecture,Namegata-shi
Japan,Ibaraki Prefecture,ÅŒarai
Japan,Ibaraki Prefecture,Okunoya
Japan,Ibaraki Prefecture,Omitama-shi
Japan,Ibaraki Prefecture,ÅŒmiya
Japan,Ibaraki Prefecture,RyÅ«gasaki
Japan,Ibaraki Prefecture,RyÅ«gasaki-shi
Japan,Ibaraki Prefecture,Sakai
Japan,Ibaraki Prefecture,Sakuragawa
Japan,Ibaraki Prefecture,Sakuragawa-shi
Japan,Ibaraki Prefecture,Shimodate
Japan,Ibaraki Prefecture,Shimotsuma-shi
Japan,Ibaraki Prefecture,Takahagi
Japan,Ibaraki Prefecture,Tomobe
Japan,Ibaraki Prefecture,Toride
Japan,Ibaraki Prefecture,Toride-shi
Japan,Ibaraki Prefecture,Tsuchiura-shi
Japan,Ibaraki Prefecture,Tsukuba
Japan,Ibaraki Prefecture,Tsukuba-shi
Japan,Ibaraki Prefecture,Tsukubamirai
Japan,Ibaraki Prefecture,Tsukubamirai-shi
Japan,Ibaraki Prefecture,Ushiku
Japan,Ibaraki Prefecture,Ushiku-shi
Japan,Ibaraki Prefecture,YÅ«ki
Japan,Ibaraki Prefecture,YÅ«ki-shi
Japan,Ishikawa Prefecture,Hakui
Japan,Ishikawa Prefecture,Hakui Shi
Japan,Ishikawa Prefecture,Hakusan Shi
Japan,Ishikawa Prefecture,Kaga Shi
Japan,Ishikawa Prefecture,Kahoku Shi
Japan,Ishikawa Prefecture,Kanazawa
Japan,Ishikawa Prefecture,Kanazawa-shi
Japan,Ishikawa Prefecture,Komatsu
Japan,Ishikawa Prefecture,MatsutÅ
Japan,Ishikawa Prefecture,Nanao Shi
Japan,Ishikawa Prefecture,Nomi Shi
Japan,Ishikawa Prefecture,Nonoichi
Japan,Ishikawa Prefecture,Nonoichi-shi
Japan,Ishikawa Prefecture,Suzu
Japan,Ishikawa Prefecture,Suzu Shi
Japan,Ishikawa Prefecture,Tsubata
Japan,Ishikawa Prefecture,Tsurugi-asahimachi
Japan,Ishikawa Prefecture,Wajima Shi
Japan,Iwate Prefecture,Hachimantai
Japan,Iwate Prefecture,Hachimantai Shi
Japan,Iwate Prefecture,Hanamaki
Japan,Iwate Prefecture,Hanamaki Shi
Japan,Iwate Prefecture,Ichinohe
Japan,Iwate Prefecture,Ichinoseki
Japan,Iwate Prefecture,Ichinoseki-shi
Japan,Iwate Prefecture,Iwate-gun
Japan,Iwate Prefecture,Kamaishi
Japan,Iwate Prefecture,Kamaishi-shi
Japan,Iwate Prefecture,Kitakami
Japan,Iwate Prefecture,Kitakami-shi
Japan,Iwate Prefecture,Kuji
Japan,Iwate Prefecture,Kuji-shi
Japan,Iwate Prefecture,Miyako
Japan,Iwate Prefecture,Miyako-shi
Japan,Iwate Prefecture,Mizusawa
Japan,Iwate Prefecture,Morioka
Japan,Iwate Prefecture,Morioka-shi
Japan,Iwate Prefecture,Ninohe
Japan,Iwate Prefecture,Ninohe Shi
Japan,Iwate Prefecture,ÅŒfunato
Japan,Iwate Prefecture,ÅŒfunato-shi
Japan,Iwate Prefecture,ÅŒshÅ«
Japan,Iwate Prefecture,ÅŒshÅ«-shi
Japan,Iwate Prefecture,ÅŒtsuchi
Japan,Iwate Prefecture,Rikuzentakata-shi
Japan,Iwate Prefecture,Shizukuishi
Japan,Iwate Prefecture,Takizawa-shi
Japan,Iwate Prefecture,TÅno
Japan,Iwate Prefecture,TÅno-shi
Japan,Iwate Prefecture,Yamada
Japan,Kagawa Prefecture,Higashikagawa Shi
Japan,Kagawa Prefecture,Kanâ€™onji Shi
Japan,Kagawa Prefecture,Kanâ€™onjichÅ
Japan,Kagawa Prefecture,Marugame
Japan,Kagawa Prefecture,Marugame Shi
Japan,Kagawa Prefecture,Mitoyo Shi
Japan,Kagawa Prefecture,Sakaide Shi
Japan,Kagawa Prefecture,SakaidechÅ
Japan,Kagawa Prefecture,Sanuki-shi
Japan,Kagawa Prefecture,Shido
Japan,Kagawa Prefecture,Tadotsu
Japan,Kagawa Prefecture,Takamatsu
Japan,Kagawa Prefecture,Takamatsu Shi
Japan,Kagawa Prefecture,TonoshÅ
Japan,Kagawa Prefecture,ZentsÅ«ji Shi
Japan,Kagoshima Prefecture,Aira Shi
Japan,Kagoshima Prefecture,Akune
Japan,Kagoshima Prefecture,Akune Shi
Japan,Kagoshima Prefecture,Amami
Japan,Kagoshima Prefecture,Amami Shi
Japan,Kagoshima Prefecture,Hamanoichi
Japan,Kagoshima Prefecture,Hioki
Japan,Kagoshima Prefecture,Hioki Shi
Japan,Kagoshima Prefecture,Ibusuki
Japan,Kagoshima Prefecture,Ibusuki Shi
Japan,Kagoshima Prefecture,Ichikikushikino Shi
Japan,Kagoshima Prefecture,IjÅ«in
Japan,Kagoshima Prefecture,Isa Shi
Japan,Kagoshima Prefecture,Izumi
Japan,Kagoshima Prefecture,Izumi Shi
Japan,Kagoshima Prefecture,Kagoshima
Japan,Kagoshima Prefecture,Kagoshima Shi
Japan,Kagoshima Prefecture,Kajiki
Japan,Kagoshima Prefecture,Kanoya
Japan,Kagoshima Prefecture,Kanoya Shi
Japan,Kagoshima Prefecture,Kaseda-shirakame
Japan,Kagoshima Prefecture,Kirishima Shi
Japan,Kagoshima Prefecture,Kokubu-matsuki
Japan,Kagoshima Prefecture,Koseda
Japan,Kagoshima Prefecture,Koshima
Japan,Kagoshima Prefecture,Kurio
Japan,Kagoshima Prefecture,Kushikino
Japan,Kagoshima Prefecture,Makurazaki
Japan,Kagoshima Prefecture,Makurazaki Shi
Japan,Kagoshima Prefecture,Minamikyushu Shi
Japan,Kagoshima Prefecture,Minamisatsuma Shi
Japan,Kagoshima Prefecture,Miyanoura
Japan,Kagoshima Prefecture,Nagata
Japan,Kagoshima Prefecture,Naze
Japan,Kagoshima Prefecture,Nishinoomote
Japan,Kagoshima Prefecture,Nishinoomote Shi
Japan,Kagoshima Prefecture,ÅŒkuchi-shinohara
Japan,Kagoshima Prefecture,Satsumasendai
Japan,Kagoshima Prefecture,Satsumasendai Shi
Japan,Kagoshima Prefecture,Shibushi
Japan,Kagoshima Prefecture,Shibushi-shi
Japan,Kagoshima Prefecture,Soo Shi
Japan,Kagoshima Prefecture,SueyoshichÅ-ninokata
Japan,Kagoshima Prefecture,Tarumizu
Japan,Kagoshima Prefecture,Tarumizu Shi
Japan,Kagoshima Prefecture,Yudomari
Japan,Kanagawa Prefecture,Atsugi
Japan,Kanagawa Prefecture,Atsugi Shi
Japan,Kanagawa Prefecture,Ayase Shi
Japan,Kanagawa Prefecture,Chigasaki
Japan,Kanagawa Prefecture,Chigasaki Shi
Japan,Kanagawa Prefecture,Ebina Shi
Japan,Kanagawa Prefecture,Fujisawa
Japan,Kanagawa Prefecture,Fujisawa Shi
Japan,Kanagawa Prefecture,Hadano
Japan,Kanagawa Prefecture,Hadano-shi
Japan,Kanagawa Prefecture,Hakone
Japan,Kanagawa Prefecture,Hayama
Japan,Kanagawa Prefecture,Hiratsuka
Japan,Kanagawa Prefecture,Hiratsuka Shi
Japan,Kanagawa Prefecture,Isehara
Japan,Kanagawa Prefecture,Isehara Shi
Japan,Kanagawa Prefecture,Kamakura
Japan,Kanagawa Prefecture,Kamakura Shi
Japan,Kanagawa Prefecture,Kawasaki
Japan,Kanagawa Prefecture,Kawasaki-shi
Japan,Kanagawa Prefecture,Minamiashigara
Japan,Kanagawa Prefecture,Minamiashigara Shi
Japan,Kanagawa Prefecture,Minamirinkan
Japan,Kanagawa Prefecture,Miura
Japan,Kanagawa Prefecture,Miura Shi
Japan,Kanagawa Prefecture,Ninomiya
Japan,Kanagawa Prefecture,Odawara
Japan,Kanagawa Prefecture,Odawara-shi
Japan,Kanagawa Prefecture,ÅŒiso
Japan,Kanagawa Prefecture,Sagamihara-shi
Japan,Kanagawa Prefecture,Yamakita
Japan,Kanagawa Prefecture,Yamato-shi
Japan,Kanagawa Prefecture,Yokohama
Japan,Kanagawa Prefecture,Yokohama Shi
Japan,Kanagawa Prefecture,Yokosuka
Japan,Kanagawa Prefecture,Yokosuka Shi
Japan,Kanagawa Prefecture,Yugawara
Japan,Kanagawa Prefecture,Zama
Japan,Kanagawa Prefecture,Zama Shi
Japan,Kanagawa Prefecture,Zushi Shi
Japan,KÅchi Prefecture,Achi
Japan,KÅchi Prefecture,Agematsu
Japan,KÅchi Prefecture,Aki
Japan,KÅchi Prefecture,Anan
Japan,KÅchi Prefecture,Aoki
Japan,KÅchi Prefecture,Asahi
Japan,KÅchi Prefecture,Azumino
Japan,KÅchi Prefecture,Chikuhoku
Japan,KÅchi Prefecture,Chikuma
Japan,KÅchi Prefecture,Chino
Japan,KÅchi Prefecture,Fujimi
Japan,KÅchi Prefecture,Geisei
Japan,KÅchi Prefecture,Hakuba
Japan,KÅchi Prefecture,Hara
Japan,KÅchi Prefecture,Hidaka
Japan,KÅchi Prefecture,Hiraya
Japan,KÅchi Prefecture,Iida
Japan,KÅchi Prefecture,Iijima
Japan,KÅchi Prefecture,Iiyama
Japan,KÅchi Prefecture,Iizuna
Japan,KÅchi Prefecture,Ikeda
Japan,KÅchi Prefecture,Ikusaka
Japan,KÅchi Prefecture,Ina
Japan,KÅchi Prefecture,Ino
Japan,KÅchi Prefecture,Karuizawa
Japan,KÅchi Prefecture,Kawakami
Japan,KÅchi Prefecture,Kijimadaira
Japan,KÅchi Prefecture,Kiso
Japan,KÅchi Prefecture,Kitaaiki
Japan,KÅchi Prefecture,Kitagawa
Japan,KÅchi Prefecture,KÅchi
Japan,KÅchi Prefecture,Komoro
Japan,KÅchi Prefecture,KÅnan
Japan,KÅchi Prefecture,Kuroshio
Japan,KÅchi Prefecture,Matsukawa
Japan,KÅchi Prefecture,Matsumoto
Japan,KÅchi Prefecture,Mihara
Japan,KÅchi Prefecture,Minamiaiki
Japan,KÅchi Prefecture,Minamimaki
Japan,KÅchi Prefecture,Minamiminowa
Japan,KÅchi Prefecture,Minowa
Japan,KÅchi Prefecture,Mitsushima
Japan,KÅchi Prefecture,Miyada
Japan,KÅchi Prefecture,Miyota
Japan,KÅchi Prefecture,Motoyama
Japan,KÅchi Prefecture,Muroto
Japan,KÅchi Prefecture,Nagano
Japan,KÅchi Prefecture,Nagawa
Japan,KÅchi Prefecture,Nagiso
Japan,KÅchi Prefecture,Nahari
Japan,KÅchi Prefecture,Nakagawa
Japan,KÅchi Prefecture,NakajÅ
Japan,KÅchi Prefecture,Nakamura
Japan,KÅchi Prefecture,Nakano
Japan,KÅchi Prefecture,Nakatosa
Japan,KÅchi Prefecture,Nankoku
Japan,KÅchi Prefecture,Neba
Japan,KÅchi Prefecture,Niyodogawa
Japan,KÅchi Prefecture,Nozawaonsen
Japan,KÅchi Prefecture,Obuse
Japan,KÅchi Prefecture,Ochi
Japan,KÅchi Prefecture,Ogawa
Japan,KÅchi Prefecture,ÅŒkawa
Japan,KÅchi Prefecture,Okaya
Japan,KÅchi Prefecture,ÅŒkuwa
Japan,KÅchi Prefecture,ÅŒmachi
Japan,KÅchi Prefecture,Omi
Japan,KÅchi Prefecture,ÅŒshika
Japan,KÅchi Prefecture,ÅŒtaki
Japan,KÅchi Prefecture,Otari
Japan,KÅchi Prefecture,ÅŒtoyo
Japan,KÅchi Prefecture,ÅŒtsuki
Japan,KÅchi Prefecture,Sakae
Japan,KÅchi Prefecture,Sakaki
Japan,KÅchi Prefecture,Sakawa
Japan,KÅchi Prefecture,Saku
Japan,KÅchi Prefecture,Sakuho
Japan,KÅchi Prefecture,Sanada
Japan,KÅchi Prefecture,Shimanto
Japan,KÅchi Prefecture,ShimojÅ
Japan,KÅchi Prefecture,Shimosuwa
Japan,KÅchi Prefecture,Shinano
Japan,KÅchi Prefecture,Shiojiri
Japan,KÅchi Prefecture,Sukumo
Japan,KÅchi Prefecture,Susaki
Japan,KÅchi Prefecture,Suwa
Japan,KÅchi Prefecture,Suzaka
Japan,KÅchi Prefecture,Takagi
Japan,KÅchi Prefecture,Takamori
Japan,KÅchi Prefecture,Takayama
Japan,KÅchi Prefecture,Tano
Japan,KÅchi Prefecture,Tateshina
Japan,KÅchi Prefecture,Tatsuno
Japan,KÅchi Prefecture,Togari
Japan,KÅchi Prefecture,TÅmi
Japan,KÅchi Prefecture,Tosa
Japan,KÅchi Prefecture,Tosashimizu
Japan,KÅchi Prefecture,TÅyÅ
Japan,KÅchi Prefecture,Toyooka
Japan,KÅchi Prefecture,Tsuno
Japan,KÅchi Prefecture,Ueda
Japan,KÅchi Prefecture,Umaji
Japan,KÅchi Prefecture,Urugi
Japan,KÅchi Prefecture,Usa
Japan,KÅchi Prefecture,Yamagata
Japan,KÅchi Prefecture,Yamanouchi
Japan,KÅchi Prefecture,Yasuda
Japan,KÅchi Prefecture,Yasuoka
Japan,KÅchi Prefecture,Yawata
Japan,KÅchi Prefecture,Yusuhara
Japan,Kumamoto Prefecture,Amakusa Gun
Japan,Kumamoto Prefecture,Amakusa Shi
Japan,Kumamoto Prefecture,Arao Shi
Japan,Kumamoto Prefecture,Aso-shi
Japan,Kumamoto Prefecture,Hitoyoshi
Japan,Kumamoto Prefecture,Hitoyoshi Shi
Japan,Kumamoto Prefecture,Hondomachi-hondo
Japan,Kumamoto Prefecture,Honmachi
Japan,Kumamoto Prefecture,Kamiamakusa Shi
Japan,Kumamoto Prefecture,Kikuchi
Japan,Kumamoto Prefecture,Kikuchi Shi
Japan,Kumamoto Prefecture,KÅshi Shi
Japan,Kumamoto Prefecture,Kumamoto
Japan,Kumamoto Prefecture,Kumamoto Shi
Japan,Kumamoto Prefecture,Matsubase
Japan,Kumamoto Prefecture,Minamata
Japan,Kumamoto Prefecture,Minamata Shi
Japan,Kumamoto Prefecture,ÅŒzu
Japan,Kumamoto Prefecture,Tamana
Japan,Kumamoto Prefecture,Tamana Shi
Japan,Kumamoto Prefecture,Uekimachi-mÅno
Japan,Kumamoto Prefecture,Uki Shi
Japan,Kumamoto Prefecture,Ushibukamachi
Japan,Kumamoto Prefecture,Uto
Japan,Kumamoto Prefecture,Uto Shi
Japan,Kumamoto Prefecture,Yamaga Shi
Japan,Kumamoto Prefecture,Yatsushiro Shi
Japan,KyÅto Prefecture,Arashiyama
Japan,KyÅto Prefecture,Ayabe
Japan,KyÅto Prefecture,Ayabe-shi
Japan,KyÅto Prefecture,Fukuchiyama-shi
Japan,KyÅto Prefecture,JÅyÅ Shi
Japan,KyÅto Prefecture,Kameoka
Japan,KyÅto Prefecture,Kameoka-shi
Japan,KyÅto Prefecture,KamigyÅ-ku
Japan,KyÅto Prefecture,Kizugawa-shi
Japan,KyÅto Prefecture,KyÅtanabe Shi
Japan,KyÅto Prefecture,KyÅtango-shi
Japan,KyÅto Prefecture,Kyoto
Japan,KyÅto Prefecture,Maizuru
Japan,KyÅto Prefecture,Maizuru-shi
Japan,KyÅto Prefecture,Miyazu
Japan,KyÅto Prefecture,Miyazu-shi
Japan,KyÅto Prefecture,MukÅ Shi
Japan,KyÅto Prefecture,NagaokakyÅ Shi
Japan,KyÅto Prefecture,Nantan-shi
Japan,KyÅto Prefecture,Tanabe
Japan,KyÅto Prefecture,Uji
Japan,KyÅto Prefecture,Uji Shi
Japan,KyÅto Prefecture,Yawata
Japan,KyÅto Prefecture,Yawata Shi
Japan,Mie Prefecture,Hisai-motomachi
Japan,Mie Prefecture,Iga-shi
Japan,Mie Prefecture,Inabe
Japan,Mie Prefecture,Inabe-shi
Japan,Mie Prefecture,Ise
Japan,Mie Prefecture,Ise-shi
Japan,Mie Prefecture,Kameyama
Japan,Mie Prefecture,Kameyama Shi
Japan,Mie Prefecture,Kawage
Japan,Mie Prefecture,Komono
Japan,Mie Prefecture,Kumano
Japan,Mie Prefecture,Kumano-shi
Japan,Mie Prefecture,Kuwana
Japan,Mie Prefecture,Kuwana-shi
Japan,Mie Prefecture,Matsuzaka-shi
Japan,Mie Prefecture,Nabari
Japan,Mie Prefecture,Nabari-shi
Japan,Mie Prefecture,Owase
Japan,Mie Prefecture,Shima
Japan,Mie Prefecture,Shima-shi
Japan,Mie Prefecture,Suzuka
Japan,Mie Prefecture,Suzuka-shi
Japan,Mie Prefecture,Toba
Japan,Mie Prefecture,Toba-shi
Japan,Mie Prefecture,Tsu
Japan,Mie Prefecture,Tsu-shi
Japan,Mie Prefecture,Ueno-ebisumachi
Japan,Mie Prefecture,Yokkaichi-shi
Japan,Miyagi Prefecture,Furukawa
Japan,Miyagi Prefecture,Higashimatshushima Shi
Japan,Miyagi Prefecture,Higashimatsushima
Japan,Miyagi Prefecture,Ishinomaki
Japan,Miyagi Prefecture,Ishinomaki Shi
Japan,Miyagi Prefecture,Iwanuma
Japan,Miyagi Prefecture,Iwanuma-shi
Japan,Miyagi Prefecture,Kakuda
Japan,Miyagi Prefecture,Kakuda Shi
Japan,Miyagi Prefecture,Kesennuma
Japan,Miyagi Prefecture,Kesennuma Shi
Japan,Miyagi Prefecture,Kogota
Japan,Miyagi Prefecture,Kurihara
Japan,Miyagi Prefecture,Kurihara Shi
Japan,Miyagi Prefecture,Marumori
Japan,Miyagi Prefecture,Matsushima
Japan,Miyagi Prefecture,Natori Shi
Japan,Miyagi Prefecture,ÅŒkawara
Japan,Miyagi Prefecture,Onagawa ChÅ
Japan,Miyagi Prefecture,ÅŒsaki
Japan,Miyagi Prefecture,ÅŒsaki Shi
Japan,Miyagi Prefecture,Rifu
Japan,Miyagi Prefecture,Sendai
Japan,Miyagi Prefecture,Shiogama
Japan,Miyagi Prefecture,Shiroishi
Japan,Miyagi Prefecture,Shiroishi Shi
Japan,Miyagi Prefecture,TagajÅ Shi
Japan,Miyagi Prefecture,Tome Shi
Japan,Miyagi Prefecture,Tomiya
Japan,Miyagi Prefecture,Wakuya
Japan,Miyagi Prefecture,Watari
Japan,Miyagi Prefecture,Watari-gun
Japan,Miyagi Prefecture,Yamoto
India,Andaman and Nicobar Islands,Bamboo Flat
India,Andaman and Nicobar Islands,Nicobar
India,Andaman and Nicobar Islands,Port Blair
India,Andaman and Nicobar Islands,South Andaman
India,Andhra Pradesh,Addanki
India,Andhra Pradesh,Adoni
India,Andhra Pradesh,Akasahebpet
India,Andhra Pradesh,Akividu
India,Andhra Pradesh,Akkarampalle
India,Andhra Pradesh,Amalapuram
India,Andhra Pradesh,Amudalavalasa
India,Andhra Pradesh,Anakapalle
India,Andhra Pradesh,Anantapur
India,Andhra Pradesh,Atmakur
India,Andhra Pradesh,Attili
India,Andhra Pradesh,Avanigadda
India,Andhra Pradesh,Badvel
India,Andhra Pradesh,Banganapalle
India,Andhra Pradesh,Bapatla
India,Andhra Pradesh,Betamcherla
India,Andhra Pradesh,Bhattiprolu
India,Andhra Pradesh,Bhimavaram
India,Andhra Pradesh,Bhimunipatnam
India,Andhra Pradesh,Bobbili
India,Andhra Pradesh,Challapalle
India,Andhra Pradesh,Chemmumiahpet
India,Andhra Pradesh,Chilakalurupet
India,Andhra Pradesh,Chinnachowk
India,Andhra Pradesh,Chipurupalle
India,Andhra Pradesh,Chirala
India,Andhra Pradesh,Chittoor
India,Andhra Pradesh,Chodavaram
India,Andhra Pradesh,Cuddapah
India,Andhra Pradesh,Cumbum
India,Andhra Pradesh,Darsi
India,Andhra Pradesh,Dharmavaram
India,Andhra Pradesh,Dhone
India,Andhra Pradesh,Diguvametta
India,Andhra Pradesh,East Godavari
India,Andhra Pradesh,Elamanchili
India,Andhra Pradesh,Ellore
India,Andhra Pradesh,Emmiganur
India,Andhra Pradesh,Erraguntla
India,Andhra Pradesh,Etikoppaka
India,Andhra Pradesh,Gajuwaka
India,Andhra Pradesh,Ganguvada
India,Andhra Pradesh,Gannavaram
India,Andhra Pradesh,Giddalur
India,Andhra Pradesh,Gokavaram
India,Andhra Pradesh,Gorantla
India,Andhra Pradesh,"Govindapuram,Chilakaluripet,Guntur"
India,Andhra Pradesh,Gudivada
India,Andhra Pradesh,Gudlavalleru
India,Andhra Pradesh,Gudur
India,Andhra Pradesh,Guntakal Junction
India,Andhra Pradesh,Guntur
India,Andhra Pradesh,Hindupur
India,Andhra Pradesh,Ichchapuram
India,Andhra Pradesh,Jaggayyapeta
India,Andhra Pradesh,Jammalamadugu
India,Andhra Pradesh,Kadiri
India,Andhra Pradesh,Kaikalur
India,Andhra Pradesh,Kakinada
India,Andhra Pradesh,Kalyandurg
India,Andhra Pradesh,Kamalapuram
India,Andhra Pradesh,Kandukur
India,Andhra Pradesh,Kanigiri
India,Andhra Pradesh,Kankipadu
India,Andhra Pradesh,Kanuru
India,Andhra Pradesh,Kavali
India,Andhra Pradesh,Kolanukonda
India,Andhra Pradesh,Kondapalle
India,Andhra Pradesh,Korukollu
India,Andhra Pradesh,Kosigi
India,Andhra Pradesh,Kovvur
India,Andhra Pradesh,Krishna
India,Andhra Pradesh,Kuppam
India,Andhra Pradesh,Kurnool
India,Andhra Pradesh,Macherla
India,Andhra Pradesh,Machilipatnam
India,Andhra Pradesh,Madanapalle
India,Andhra Pradesh,Madugula
India,Andhra Pradesh,Mandapeta
India,Andhra Pradesh,Mandasa
India,Andhra Pradesh,Mangalagiri
India,Andhra Pradesh,Markapur
India,Andhra Pradesh,Nagari
India,Andhra Pradesh,Nagireddipalli
India,Andhra Pradesh,Nandigama
India,Andhra Pradesh,Nandikotkur
India,Andhra Pradesh,Nandyal
India,Andhra Pradesh,Narasannapeta
India,Andhra Pradesh,Narasapur
India,Andhra Pradesh,Narasaraopet
India,Andhra Pradesh,Narasingapuram
India,Andhra Pradesh,Narayanavanam
India,Andhra Pradesh,Narsipatnam
India,Andhra Pradesh,Nayudupet
India,Andhra Pradesh,Nellore
India,Andhra Pradesh,Nidadavole
India,Andhra Pradesh,Nuzvid
India,Andhra Pradesh,Ongole
India,Andhra Pradesh,Pakala
India,Andhra Pradesh,Palakollu
India,Andhra Pradesh,Palasa
India,Andhra Pradesh,Palkonda
India,Andhra Pradesh,Pallevada
India,Andhra Pradesh,Palmaner
India,Andhra Pradesh,Parlakimidi
India,Andhra Pradesh,Parvatipuram
India,Andhra Pradesh,Pavuluru
India,Andhra Pradesh,Pedana
India,Andhra Pradesh,pedda nakkalapalem
India,Andhra Pradesh,Peddapuram
India,Andhra Pradesh,Penugonda
India,Andhra Pradesh,Penukonda
India,Andhra Pradesh,Phirangipuram
India,Andhra Pradesh,Pippara
India,Andhra Pradesh,Pithapuram
India,Andhra Pradesh,Polavaram
India,Andhra Pradesh,Ponnur
India,Andhra Pradesh,Ponnuru
India,Andhra Pradesh,Prakasam
India,Andhra Pradesh,Proddatur
India,Andhra Pradesh,Pulivendla
India,Andhra Pradesh,Punganuru
India,Andhra Pradesh,Puttaparthi
India,Andhra Pradesh,Puttur
India,Andhra Pradesh,Rajahmundry
India,Andhra Pradesh,Ramachandrapuram
India,Andhra Pradesh,Ramanayyapeta
India,Andhra Pradesh,Ramapuram
India,Andhra Pradesh,Rampachodavaram
India,Andhra Pradesh,Rayachoti
India,Andhra Pradesh,Rayadrug
India,Andhra Pradesh,Razam
India,Andhra Pradesh,Razampeta
India,Andhra Pradesh,Razole
India,Andhra Pradesh,Renigunta
India,Andhra Pradesh,Repalle
India,Andhra Pradesh,Salur
India,Andhra Pradesh,Samalkot
India,Andhra Pradesh,Sattenapalle
India,Andhra Pradesh,Singarayakonda
India,Andhra Pradesh,Sompeta
India,Andhra Pradesh,Srikakulam
India,Andhra Pradesh,Srisailain
India,Andhra Pradesh,Suluru
India,Andhra Pradesh,Tadepalle
India,Andhra Pradesh,Tadepallegudem
India,Andhra Pradesh,Tadpatri
India,Andhra Pradesh,Tanuku
India,Andhra Pradesh,Tekkali
India,Andhra Pradesh,Tirumala
India,Andhra Pradesh,Tirupati
India,Andhra Pradesh,Tuni
India,Andhra Pradesh,Uravakonda
India,Andhra Pradesh,vadlamuru
India,Andhra Pradesh,Vadlapudi
India,Andhra Pradesh,Venkatagiri
India,Andhra Pradesh,Vepagunta
India,Andhra Pradesh,Vetapalem
India,Andhra Pradesh,Vijayawada
India,Andhra Pradesh,Vinukonda
India,Andhra Pradesh,Visakhapatnam
India,Andhra Pradesh,Vizianagaram
India,Andhra Pradesh,Vizianagaram District
India,Andhra Pradesh,Vuyyuru
India,Andhra Pradesh,West Godavari
India,Andhra Pradesh,Yanam
India,Andhra Pradesh,Yanamalakuduru
India,Andhra Pradesh,Yarada
India,Arunachal Pradesh,Along
India,Arunachal Pradesh,Anjaw
India,Arunachal Pradesh,Basar
India,Arunachal Pradesh,Bomdila
India,Arunachal Pradesh,Changlang
India,Arunachal Pradesh,Dibang Valley
India,Arunachal Pradesh,East Kameng
India,Arunachal Pradesh,East Siang
India,Arunachal Pradesh,Hayuliang
India,Arunachal Pradesh,Itanagar
India,Arunachal Pradesh,Khonsa
India,Arunachal Pradesh,Kurung Kumey
India,Arunachal Pradesh,Lohit District
India,Arunachal Pradesh,Lower Dibang Valley
India,Arunachal Pradesh,Lower Subansiri
India,Arunachal Pradesh,Margherita
India,Arunachal Pradesh,Naharlagun
India,Arunachal Pradesh,Pasighat
India,Arunachal Pradesh,Tawang
India,Arunachal Pradesh,Tezu
India,Arunachal Pradesh,Tirap
India,Arunachal Pradesh,Upper Siang
India,Arunachal Pradesh,Upper Subansiri
India,Arunachal Pradesh,West Kameng
India,Arunachal Pradesh,West Siang
India,Arunachal Pradesh,Ziro
India,Assam,Abhayapuri
India,Assam,Amguri
India,Assam,Badarpur
India,Assam,Baksa
India,Assam,Barpathar
India,Assam,Barpeta
India,Assam,Barpeta Road
India,Assam,Basugaon
India,Assam,Bihpuriagaon
India,Assam,Bijni
India,Assam,Bilasipara
India,Assam,Bokajan
India,Assam,Bokakhat
India,Assam,Bongaigaon
India,Assam,Cachar
India,Assam,Chabua
India,Assam,Chapar
India,Assam,Chirang
India,Assam,Darrang
India,Assam,Dergaon
India,Assam,Dhekiajuli
India,Assam,Dhemaji
India,Assam,Dhing
India,Assam,Dhubri
India,Assam,Dibrugarh
India,Assam,Digboi
India,Assam,Dima Hasao District
India,Assam,Diphu
India,Assam,Dispur
India,Assam,Duliagaon
India,Assam,Dum Duma
India,Assam,Gauripur
India,Assam,Goalpara
India,Assam,Gohpur
India,Assam,Golaghat
India,Assam,Golakganj
India,Assam,Goshaingaon
India,Assam,Guwahati
India,Assam,Haflong
India,Assam,Hailakandi
India,Assam,Hajo
India,Assam,Hojai
India,Assam,Howli
India,Assam,Jogighopa
India,Assam,Jorhat
India,Assam,Kamrup
India,Assam,Kamrup Metropolitan
India,Assam,Karbi Anglong
India,Assam,Karimganj
India,Assam,Kharupatia
India,Assam,Kokrajhar
India,Assam,Lakhimpur
India,Assam,Lakhipur
India,Assam,Lala
India,Assam,Lumding Railway Colony
India,Assam,Mahur
India,Assam,Maibong
India,Assam,Makum
India,Assam,Mangaldai
India,Assam,Mariani
India,Assam,Moranha
India,Assam,Morigaon
India,Assam,Nagaon
India,Assam,Nahorkatiya
India,Assam,Nalbari
India,Assam,Namrup
India,Assam,Nazira
India,Assam,North Guwahati
India,Assam,North Lakhimpur
India,Assam,Numaligarh
India,Assam,Palasbari
India,Assam,Raha
India,Assam,Rangapara
India,Assam,Rangia
India,Assam,Sapatgram
India,Assam,Sarupathar
India,Assam,Sibsagar
India,Assam,Silapathar
India,Assam,Silchar
India,Assam,Soalkuchi
India,Assam,Sonari
India,Assam,Sonitpur
India,Assam,Sorbhog
India,Assam,Tezpur
India,Assam,Tinsukia
India,Assam,Titabar
India,Assam,Udalguri
India,Bihar,Amarpur
India,Bihar,Araria
India,Bihar,Arrah
India,Bihar,Arwal
India,Bihar,Asarganj
India,Bihar,Aurangabad
India,Bihar,Bagaha
India,Bihar,Bahadurganj
India,Bihar,Bairagnia
India,Bihar,Baisi
India,Bihar,Bakhtiyarpur
India,Bihar,Bangaon
India,Bihar,Banka
India,Bihar,Banmankhi
India,Bihar,Bar Bigha
India,Bihar,Barauli
India,Bihar,Barh
India,Bihar,Barhiya
India,Bihar,Bariarpur
India,Bihar,Baruni
India,Bihar,Begusarai
India,Bihar,Belsand
India,Bihar,Bettiah
India,Bihar,Bhabhua
India,Bihar,Bhagalpur
India,Bihar,Bhagirathpur
India,Bihar,Bhawanipur
India,Bihar,Bhojpur
India,Bihar,Bihar Sharif
India,Bihar,Bihariganj
India,Bihar,Bikramganj
India,Bihar,Birpur
India,Bihar,Buddh Gaya
India,Bihar,Buxar
India,Bihar,Chakia
India,Bihar,Chapra
India,Bihar,Chhatapur
India,Bihar,Colgong
India,Bihar,Dalsingh Sarai
India,Bihar,Darbhanga
India,Bihar,Daudnagar
India,Bihar,Dehri
India,Bihar,Dhaka
India,Bihar,Dighwara
India,Bihar,Dinapore
India,Bihar,Dumra
India,Bihar,Dumraon
India,Bihar,Fatwa
India,Bihar,Forbesganj
India,Bihar,Gaya
India,Bihar,Ghoga
India,Bihar,Gopalganj
India,Bihar,Hajipur
India,Bihar,Hilsa
India,Bihar,Hisua
India,Bihar,Islampur
India,Bihar,Jagdispur
India,Bihar,Jahanabad
India,Bihar,Jamalpur
India,Bihar,Jamui
India,Bihar,Jaynagar
India,Bihar,Jehanabad
India,Bihar,Jha-Jha
India,Bihar,Jhanjharpur
India,Bihar,Jogbani
India,Bihar,Kaimur District
India,Bihar,Kasba
India,Bihar,Katihar
India,Bihar,Khagaria
India,Bihar,Khagaul
India,Bihar,Kharagpur
India,Bihar,Khusropur
India,Bihar,Kishanganj
India,Bihar,Koath
India,Bihar,Koelwar
India,Bihar,Lakhisarai
India,Bihar,Lalganj
India,Bihar,Luckeesarai
India,Bihar,Madhepura
India,Bihar,Madhipura
India,Bihar,Madhubani
India,Bihar,Maharajgani
India,Bihar,Mairwa
India,Bihar,Maner
India,Bihar,Manihari
India,Bihar,Marhaura
India,Bihar,Masaurhi Buzurg
India,Bihar,Mohiuddinnagar
India,Bihar,Mokameh
India,Bihar,Monghyr
India,Bihar,Mothihari
India,Bihar,Munger
India,Bihar,Murliganj
India,Bihar,Muzaffarpur
India,Bihar,Nabinagar
India,Bihar,Nalanda
India,Bihar,Nasriganj
India,Bihar,Naugachhia
India,Bihar,Nawada
India,Bihar,Nirmali
India,Bihar,Pashchim Champaran
India,Bihar,Patna
India,Bihar,Piro
India,Bihar,Pupri
India,Bihar,Purba Champaran
India,Bihar,Purnia
India,Bihar,Rafiganj
India,Bihar,Raghunathpur
India,Bihar,Rajgir
India,Bihar,Ramnagar
India,Bihar,Raxaul
India,Bihar,Revelganj
India,Bihar,Rohtas
India,Bihar,Rusera
India,Bihar,Sagauli
India,Bihar,Saharsa
India,Bihar,Samastipur
India,Bihar,Saran
India,Bihar,Shahbazpur
India,Bihar,Shahpur
India,Bihar,Sheikhpura
India,Bihar,Sheohar
India,Bihar,Sherghati
India,Bihar,Silao
India,Bihar,Sitamarhi
India,Bihar,Siwan
India,Bihar,Supaul
India,Bihar,Teghra
India,Bihar,Tekari
India,Bihar,Thakurganj
India,Bihar,Vaishali
India,Bihar,Waris Aliganj
India,Chandigarh,Chandigarh
India,Chhattisgarh,Akaltara
India,Chhattisgarh,Ambagarh Chauki
India,Chhattisgarh,Ambikapur
India,Chhattisgarh,Arang
India,Chhattisgarh,Baikunthpur
India,Chhattisgarh,Balod
India,Chhattisgarh,Baloda
India,Chhattisgarh,Baloda Bazar
India,Chhattisgarh,Basna
India,Chhattisgarh,Bastar
India,Chhattisgarh,Bemetara
India,Chhattisgarh,Bhanpuri
India,Chhattisgarh,Bhatapara
India,Chhattisgarh,Bhatgaon
India,Chhattisgarh,Bhilai
India,Chhattisgarh,Bijapur
India,Chhattisgarh,Bilaspur
India,Chhattisgarh,Champa
India,Chhattisgarh,Chhuikhadan
India,Chhattisgarh,Deori
India,Chhattisgarh,Dhamtari
India,Chhattisgarh,Dongargaon
India,Chhattisgarh,Dongargarh
India,Chhattisgarh,Durg
India,Chhattisgarh,Gandai
India,Chhattisgarh,Gariaband
India,Chhattisgarh,Gaurela
India,Chhattisgarh,Gharghoda
India,Chhattisgarh,Gidam
India,Chhattisgarh,Jagdalpur
India,Chhattisgarh,Janjgir
India,Chhattisgarh,Janjgir-Champa
India,Chhattisgarh,Jashpur
India,Chhattisgarh,Jashpurnagar
India,Chhattisgarh,Junagarh
India,Chhattisgarh,Kabeerdham
India,Chhattisgarh,Kanker
India,Chhattisgarh,Katghora
India,Chhattisgarh,Kawardha
India,Chhattisgarh,Khairagarh
India,Chhattisgarh,Khamharia
India,Chhattisgarh,Kharod
India,Chhattisgarh,Kharsia
India,Chhattisgarh,Kirandul
India,Chhattisgarh,Kondagaon
India,Chhattisgarh,Korba
India,Chhattisgarh,Koriya
India,Chhattisgarh,Kota
India,Chhattisgarh,Kotaparh
India,Chhattisgarh,Kumhari
India,Chhattisgarh,Kurud
India,Chhattisgarh,Lormi
India,Chhattisgarh,Mahasamund
India,Chhattisgarh,Mungeli
India,Chhattisgarh,Narayanpur
India,Chhattisgarh,Narharpur
India,Chhattisgarh,Pandaria
India,Chhattisgarh,Pandatarai
India,Chhattisgarh,Pasan
India,Chhattisgarh,Patan
India,Chhattisgarh,Pathalgaon
India,Chhattisgarh,Pendra
India,Chhattisgarh,Pithora
India,Chhattisgarh,Raigarh
India,Chhattisgarh,Raipur
India,Chhattisgarh,Raj Nandgaon
India,Chhattisgarh,Raj-Nandgaon
India,Chhattisgarh,Ramanuj Ganj
India,Chhattisgarh,Ratanpur
India,Chhattisgarh,Sakti
India,Chhattisgarh,Saraipali
India,Chhattisgarh,Sarangarh
India,Chhattisgarh,Seorinarayan
India,Chhattisgarh,Simga
India,Chhattisgarh,Surguja
India,Chhattisgarh,Takhatpur
India,Chhattisgarh,Umarkot
India,Chhattisgarh,Uttar Bastar Kanker
India,Dadra and Nagar Haveli and Daman and Diu,Amli
India,Dadra and Nagar Haveli and Daman and Diu,Dadra
India,Dadra and Nagar Haveli and Daman and Diu,Dadra & Nagar Haveli
India,Dadra and Nagar Haveli and Daman and Diu,Daman
India,Dadra and Nagar Haveli and Daman and Diu,Daman District
India,Dadra and Nagar Haveli and Daman and Diu,Diu
India,Dadra and Nagar Haveli and Daman and Diu,Silvassa
India,Delhi,Alipur
India,Delhi,Bawana
India,Delhi,Central Delhi
India,Delhi,Delhi
India,Delhi,Deoli
India,Delhi,East Delhi
India,Delhi,Karol Bagh
India,Delhi,Najafgarh
India,Delhi,Nangloi Jat
India,Delhi,Narela
India,Delhi,New Delhi
India,Delhi,North Delhi
India,Delhi,North East Delhi
India,Delhi,North West Delhi
India,Delhi,Pitampura
India,Delhi,Rohini
India,Delhi,South Delhi
India,Delhi,South West Delhi
India,Delhi,West Delhi
India,Goa,Aldona
India,Goa,Arambol
India,Goa,Baga
India,Goa,Bambolim
India,Goa,Bandora
India,Goa,Benaulim
India,Goa,Calangute
India,Goa,Candolim
India,Goa,Carapur
India,Goa,Cavelossim
India,Goa,Chicalim
India,Goa,Chinchinim
India,Goa,Colovale
India,Goa,Colva
India,Goa,Cortalim
India,Goa,Cuncolim
India,Goa,Curchorem
India,Goa,Curti
India,Goa,Davorlim
India,Goa,Dicholi
India,Goa,Goa Velha
India,Goa,Guirim
India,Goa,Jua
India,Goa,Kankon
India,Goa,Madgaon
India,Goa,Mapuca
India,Goa,Morjim
India,Goa,Mormugao
India,Goa,Navelim
India,Goa,North Goa
India,Goa,Palle
India,Goa,Panaji
India,Goa,Pernem
India,Goa,Ponda
India,Goa,Quepem
India,Goa,Queula
India,Goa,Raia
India,Goa,Saligao
India,Goa,Sancoale
India,Goa,Sanguem
India,Goa,Sanquelim
India,Goa,Sanvordem
India,Goa,Serula
India,Goa,Solim
India,Goa,South Goa
India,Goa,Taleigao
India,Goa,Vagator
India,Goa,Valpoy
India,Goa,Varca
India,Goa,Vasco da Gama
India,Gujarat,Abrama
India,Gujarat,Adalaj
India,Gujarat,Agol
India,Gujarat,Ahmedabad
India,Gujarat,Ahwa
India,Gujarat,Akrund
India,Gujarat,Amod
India,Gujarat,"Amod,"
India,Gujarat,Amreli
India,Gujarat,Amroli
India,Gujarat,Anand
India,Gujarat,Anjar
India,Gujarat,Ankleshwar
India,Gujarat,Babra
India,Gujarat,Bagasara
India,Gujarat,Bagasra
India,Gujarat,Bakharla
India,Gujarat,Balagam
India,Gujarat,Balasinor
India,Gujarat,Balisana
India,Gujarat,Bamanbore
India,Gujarat,Banas Kantha
India,Gujarat,Bandia
India,Gujarat,Bantva
India,Gujarat,Bardoli
India,Gujarat,Bedi
India,Gujarat,Bhachau
India,Gujarat,Bhadran
India,Gujarat,Bhandu
India,Gujarat,Bhanvad
India,Gujarat,Bharuch
India,Gujarat,Bhatha
India,Gujarat,Bhavnagar
India,Gujarat,Bhayavadar
India,Gujarat,Bhildi
India,Gujarat,Bhojpur Dharampur
India,Gujarat,Bhuj
India,Gujarat,Bilimora
India,Gujarat,Bilkha
India,Gujarat,Borsad
India,Gujarat,Botad
India,Gujarat,Chaklasi
India,Gujarat,Chalala
India,Gujarat,Chaloda
India,Gujarat,Champaner
India,Gujarat,Chanasma
India,Gujarat,Chhala
India,Gujarat,Chhota Udepur
India,Gujarat,Chikhli
India,Gujarat,Chotila
India,Gujarat,Chuda
India,Gujarat,Dabhoda
India,Gujarat,Dabhoi
India,Gujarat,Dahegam
India,Gujarat,Dahod
India,Gujarat,Dakor
India,Gujarat,Damnagar
India,Gujarat,Dandi
India,Gujarat,Dangs (India)
India,Gujarat,Danta
India,Gujarat,Dayapar
India,Gujarat,Delvada
India,Gujarat,Delwada
India,Gujarat,Detroj
India,Gujarat,Devbhumi Dwarka
India,Gujarat,Devgadh Bariya
India,Gujarat,Dhandhuka
India,Gujarat,Dhanera
India,Gujarat,Dhansura
India,Gujarat,Dharampur
India,Gujarat,Dharasana
India,Gujarat,Dhari
India,Gujarat,Dhasa
India,Gujarat,Dhola
India,Gujarat,Dholera
India,Gujarat,Dholka
India,Gujarat,Dhoraji
India,Gujarat,Dhrangadhra
India,Gujarat,Dhrol
India,Gujarat,Dhuwaran
India,Gujarat,Disa
India,Gujarat,Dohad
India,Gujarat,Dumkhal
India,Gujarat,Dungarpur
India,Gujarat,Dwarka
India,Gujarat,Gadhada
India,Gujarat,Gandevi
India,Gujarat,Gandhidham
India,Gujarat,Gandhinagar
India,Gujarat,Gariadhar
India,Gujarat,Ghodasar
India,Gujarat,Ghogha
India,Gujarat,Gir Somnath
India,Gujarat,Godhra
India,Gujarat,Gondal
India,Gujarat,Gorwa
India,Gujarat,Halenda
India,Gujarat,Halol
India,Gujarat,Halvad
India,Gujarat,Hansot
India,Gujarat,Harij
India,Gujarat,Harsol
India,Gujarat,Hathuran
India,Gujarat,Himatnagar
India,Gujarat,Idar
India,Gujarat,Jakhau
India,Gujarat,Jalalpore
India,Gujarat,Jalalpur
India,Gujarat,Jalia
India,Gujarat,Jambuda
India,Gujarat,Jambusar
India,Gujarat,Jamnagar
India,Gujarat,"Jarod,"
India,Gujarat,Jasdan
India,Gujarat,Jetalpur
India,Gujarat,Jetalsar
India,Gujarat,Jetpur
India,Gujarat,Jetpur (Navagadh)
India,Gujarat,Jhalod
India,Gujarat,Jhulasan
India,Gujarat,Jodhpur
India,Gujarat,Jodhpur (Ahmedabad)
India,Gujarat,Jodia
India,Gujarat,Jodiya Bandar
India,Gujarat,Junagadh
India,Gujarat,Kachchh
India,Gujarat,Kachholi
India,Gujarat,Kadi
India,Gujarat,Kadod
India,Gujarat,Kalavad
India,Gujarat,Kalol
India,Gujarat,Kandla
India,Gujarat,Kandla port
India,Gujarat,Kanodar
India,Gujarat,Kapadvanj
India,Gujarat,Karamsad
India,Gujarat,Kariana
India,Gujarat,Karjan
India,Gujarat,Kathor
India,Gujarat,Katpur
India,Gujarat,Kavant
India,Gujarat,Kawant
India,Gujarat,Kayavarohan
India,Gujarat,Kerwada
India,Gujarat,Keshod
India,Gujarat,Khambhalia
India,Gujarat,Khambhat
India,Gujarat,Khavda
India,Gujarat,Kheda
India,Gujarat,Khedbrahma
India,Gujarat,Khedoi
India,Gujarat,Kherali
India,Gujarat,Kheralu
India,Gujarat,Kodinar
India,Gujarat,Kosamba
India,Gujarat,Kothara
India,Gujarat,Kotharia
India,Gujarat,Kukarmunda
India,Gujarat,Kukma
India,Gujarat,Kundla
India,Gujarat,Kutch district
India,Gujarat,Kutiyana
India,Gujarat,Ladol
India,Gujarat,Lakhpat
India,Gujarat,Lakhtar
India,Gujarat,Lalpur
India,Gujarat,Langhnaj
India,Gujarat,Lathi
India,Gujarat,Limbdi
India,Gujarat,Limkheda
India,Gujarat,Lunavada
India,Gujarat,Madhavpur Ghed
India,Gujarat,Madhi
India,Gujarat,Mahemdavad
India,Gujarat,Mahesana
India,Gujarat,Mahisa
India,Gujarat,Mahudha
India,Gujarat,Mahuva
India,Gujarat,Mahuva (Surat)
India,Gujarat,Malpur
India,Gujarat,Manavadar
India,Gujarat,Mandal
India,Gujarat,Mandvi
India,Gujarat,Mandvi (Surat)
India,Gujarat,Mangrol
India,Gujarat,Mangrol (Junagadh)
India,Gujarat,Mansa
India,Gujarat,Meghraj
India,Gujarat,Mehsana
India,Gujarat,Mendarda
India,Gujarat,Mithapur
India,Gujarat,Modasa
India,Gujarat,Morbi
India,Gujarat,Morva (Hadaf)
India,Gujarat,Morwa
India,Gujarat,Mundra
India,Gujarat,Nadiad
India,Gujarat,"Nadiad,"
India,Gujarat,Nagwa
India,Gujarat,Naldhara
India,Gujarat,Naliya
India,Gujarat,Nargol
India,Gujarat,Narmada
India,Gujarat,Naroda
India,Gujarat,Navsari
India,Gujarat,Nikora
India,Gujarat,Nizar
India,Gujarat,Odadar
India,Gujarat,Okha
India,Gujarat,Olpad
India,Gujarat,Paddhari
India,Gujarat,Padra
India,Gujarat,Palanpur
India,Gujarat,Palanswa
India,Gujarat,Palitana
India,Gujarat,Paliyad
India,Gujarat,Paliyad (Bhavnagar)
India,Gujarat,Palsana
India,Gujarat,Panch Mahals
India,Gujarat,Panchmahal district
India,Gujarat,Pardi
India,Gujarat,Parnera
India,Gujarat,Patan
India,Gujarat,Pavi Jetpur
India,Gujarat,Petlad
India,Gujarat,Pipavav
India,Gujarat,Piplod
India,Gujarat,Porbandar
India,Gujarat,Prabhas Patan
India,Gujarat,Prantij
India,Gujarat,Radhanpur
India,Gujarat,Rajkot
India,Gujarat,Rajpipla
India,Gujarat,Rajula
India,Gujarat,Ranavav
India,Gujarat,Ranpur
India,Gujarat,Rapar
India,Gujarat,Reha
India,Gujarat,Roha
India,Gujarat,Sabar Kantha
India,Gujarat,Sachin
India,Gujarat,Salaya
India,Gujarat,Samakhiali
India,Gujarat,Sanand
India,Gujarat,Sankheda
India,Gujarat,Sarbhon
India,Gujarat,Sardoi
India,Gujarat,Sarkhej
India,Gujarat,Sathamba
India,Gujarat,Savarkundla
India,Gujarat,Savli
India,Gujarat,Sayla
India,Gujarat,Shahpur
India,Gujarat,Shivrajpur
India,Gujarat,Siddhpur
India,Gujarat,Sihor
India,Gujarat,Sikka
India,Gujarat,Sinor
India,Gujarat,Sojitra
India,Gujarat,Songadh
India,Gujarat,Supedi
India,Gujarat,Surat
India,Gujarat,Surendranagar
India,Gujarat,Sutrapada
India,Gujarat,Talaja
India,Gujarat,Tankara
India,Gujarat,Tapi
India,Gujarat,Than
India,Gujarat,Thangadh
India,Gujarat,Tharad
India,Gujarat,Thasra
India,Gujarat,The Dangs
India,Gujarat,Umarpada
India,Gujarat,Umrala
India,Gujarat,Umreth
India,Gujarat,Un
India,Gujarat,Una
India,Gujarat,Unjha
India,Gujarat,Upleta
India,Gujarat,Utran
India,Gujarat,Vadgam
India,Gujarat,Vadnagar
India,Gujarat,Vadodara
India,Gujarat,Vaghodia
India,Gujarat,Vaghodia INA
India,Gujarat,Vallabh Vidyanagar
India,Gujarat,Vallabhipur
India,Gujarat,Valsad
India,Gujarat,Vanala
India,Gujarat,Vansda
India,Gujarat,Vanthli
India,Gujarat,Vapi
India,Gujarat,Vartej
India,Gujarat,Vasa
India,Gujarat,Vasavad
India,Gujarat,Vaso
India,Gujarat,Vataman
India,Gujarat,Vejalpur
India,Gujarat,Veraval
India,Gujarat,Vijapur
India,Gujarat,Vinchhiya
India,Gujarat,Vinchia
India,Gujarat,Viramgam
India,Gujarat,Virpur
India,Gujarat,Visavadar
India,Gujarat,Visnagar
India,Gujarat,Vyara
India,Gujarat,Wadhai
India,Gujarat,Wadhwan
India,Gujarat,Waghai
India,Gujarat,Wankaner
India,Haryana,Ambala
India,Haryana,Asandh
India,Haryana,Ateli Mandi
India,Haryana,Bahadurgarh
India,Haryana,Bara Uchana
India,Haryana,Barwala
India,Haryana,Bawal
India,Haryana,Beri Khas
India,Haryana,Bhiwani
India,Haryana,Bilaspur
India,Haryana,Buriya
India,Haryana,Charkhi Dadri
India,Haryana,Chhachhrauli
India,Haryana,Dabwali
India,Haryana,Dharuhera
India,Haryana,Ellenabad
India,Haryana,Faridabad
India,Haryana,Faridabad District
India,Haryana,Farrukhnagar
India,Haryana,Fatehabad
India,Haryana,Fatehabad District
India,Haryana,Firozpur Jhirka
India,Haryana,Gharaunda
India,Haryana,Gohana
India,Haryana,Gorakhpur
India,Haryana,Gurgaon
India,Haryana,Hansi
India,Haryana,Hasanpur
India,Haryana,Hisar
India,Haryana,Hodal
India,Haryana,Inda Chhoi
India,Haryana,Indri
India,Haryana,Jagadhri
India,Haryana,Jakhal
India,Haryana,Jhajjar
India,Haryana,Jind
India,Haryana,Kaithal
India,Haryana,Kalanaur
India,Haryana,Kalanwali
India,Haryana,Kanina Khas
India,Haryana,Karnal
India,Haryana,Kharkhauda
India,Haryana,Kheri Sampla
India,Haryana,Kurukshetra
India,Haryana,Ladwa
India,Haryana,Loharu
India,Haryana,Maham
India,Haryana,Mahendragarh
India,Haryana,Mandholi Kalan
India,Haryana,Mustafabad
India,Haryana,Narayangarh
India,Haryana,Narnaul
India,Haryana,Narnaund
India,Haryana,Narwana
India,Haryana,Nilokheri
India,Haryana,Nuh
India,Haryana,Palwal
India,Haryana,Panchkula
India,Haryana,Panipat
India,Haryana,Pataudi
India,Haryana,Pehowa
India,Haryana,Pinjaur
India,Haryana,Punahana
India,Haryana,Pundri
India,Haryana,Radaur
India,Haryana,Rania
India,Haryana,Ratia
India,Haryana,Rewari
India,Haryana,Rewari District
India,Haryana,Rohtak
India,Haryana,Safidon
India,Haryana,Samalkha
India,Haryana,Shadipur Julana
India,Haryana,Shahabad
India,Haryana,Sirsa
India,Haryana,Sohna
India,Haryana,Sonipat
India,Haryana,Taoru
India,Haryana,Thanesar
India,Haryana,Tohana
India,Haryana,Tosham
India,Haryana,Uklana
India,Haryana,Yamunanagar
India,Himachal Pradesh,Arki
India,Himachal Pradesh,Baddi
India,Himachal Pradesh,Banjar
India,Himachal Pradesh,Bilaspur
India,Himachal Pradesh,Chamba
India,Himachal Pradesh,Chaupal
India,Himachal Pradesh,Chowari
India,Himachal Pradesh,Chuari Khas
India,Himachal Pradesh,Dagshai
India,Himachal Pradesh,Dalhousie
India,Himachal Pradesh,Daulatpur
India,Himachal Pradesh,Dera Gopipur
India,Himachal Pradesh,Dharamsala
India,Himachal Pradesh,Gagret
India,Himachal Pradesh,Ghumarwin
India,Himachal Pradesh,Hamirpur
India,Himachal Pradesh,Jawala Mukhi
India,Himachal Pradesh,Jogindarnagar
India,Himachal Pradesh,Jubbal
India,Himachal Pradesh,Jutogh
India,Himachal Pradesh,Kalka
India,Himachal Pradesh,Kangar
India,Himachal Pradesh,Kangra
India,Himachal Pradesh,Kasauli
India,Himachal Pradesh,Kinnaur
India,Himachal Pradesh,Kotkhai
India,Himachal Pradesh,Kotla
India,Himachal Pradesh,Kulu
India,Himachal Pradesh,Kyelang
India,Himachal Pradesh,Lahul and Spiti
India,Himachal Pradesh,Manali
India,Himachal Pradesh,Mandi
India,Himachal Pradesh,Nadaun
India,Himachal Pradesh,Nagar
India,Himachal Pradesh,Nagrota
India,Himachal Pradesh,Nahan
India,Himachal Pradesh,Nalagarh
India,Himachal Pradesh,Palampur
India,Himachal Pradesh,Pandoh
India,Himachal Pradesh,Paonta Sahib
India,Himachal Pradesh,Parwanoo
India,Himachal Pradesh,Rajgarh
India,Himachal Pradesh,Rampur
India,Himachal Pradesh,Rohru
India,Himachal Pradesh,Sabathu
India,Himachal Pradesh,Santokhgarh
India,Himachal Pradesh,Sarahan
India,Himachal Pradesh,Sarka Ghat
India,Himachal Pradesh,Seoni
India,Himachal Pradesh,Shimla
India,Himachal Pradesh,Sirmaur
India,Himachal Pradesh,Solan
India,Himachal Pradesh,Sundarnagar
India,Himachal Pradesh,Theog
India,Himachal Pradesh,Tira Sujanpur
India,Himachal Pradesh,Una
India,Himachal Pradesh,Yol
